NON-DIR,/home/pi/Chromebook-projects/teststuff/python/machine_learning/Multivariate Polynomial Regression/ex2/media/raw_csv_dataSet_pf20_fuse-True_[0:90] (1).png,/home/pi/Chromebook-projects/teststuff/python/machine_learning/Multivariate Polynomial Regression/ex2/media/raw_csv_dataSet_pf20_fuse-True_[0_90] (1).png
NON-DIR,/home/pi/Chromebook-projects/teststuff/python/machine_learning/Multivariate Polynomial Regression/ex2/media/raw_csv_dataSet_pf27_fuse-True_n2_[40:30].png,/home/pi/Chromebook-projects/teststuff/python/machine_learning/Multivariate Polynomial Regression/ex2/media/raw_csv_dataSet_pf27_fuse-True_n2_[40_30].png
NON-DIR,/home/pi/Chromebook-projects/teststuff/python/machine_learning/Multivariate Polynomial Regression/ex2/media/raw_csv_dataSet_pf23_fuse-True_n2_[0:90].png,/home/pi/Chromebook-projects/teststuff/python/machine_learning/Multivariate Polynomial Regression/ex2/media/raw_csv_dataSet_pf23_fuse-True_n2_[0_90].png
NON-DIR,/home/pi/Chromebook-projects/teststuff/python/machine_learning/Multivariate Polynomial Regression/ex2/media/raw_csv_dataSet_pf20_fuse-True_[0:90].png,/home/pi/Chromebook-projects/teststuff/python/machine_learning/Multivariate Polynomial Regression/ex2/media/raw_csv_dataSet_pf20_fuse-True_[0_90].png
NON-DIR,/home/pi/Chromebook-projects/teststuff/python/machine_learning/Multivariate Polynomial Regression/ex2/media/raw_csv_dataSet_pf26_fuse-True_n2_[40:30].png,/home/pi/Chromebook-projects/teststuff/python/machine_learning/Multivariate Polynomial Regression/ex2/media/raw_csv_dataSet_pf26_fuse-True_n2_[40_30].png
NON-DIR,/home/pi/Chromebook-projects/teststuff/python/machine_learning/Multivariate Polynomial Regression/ex2/media/raw_csv_dataSet_pf21_fuse-True_n2_[0:90].png,/home/pi/Chromebook-projects/teststuff/python/machine_learning/Multivariate Polynomial Regression/ex2/media/raw_csv_dataSet_pf21_fuse-True_n2_[0_90].png
NON-DIR,/home/pi/Chromebook-projects/teststuff/python/machine_learning/Multivariate Polynomial Regression/ex2/media/raw_csv_dataSet_pf24_fuse-True_n2_[0:90].png,/home/pi/Chromebook-projects/teststuff/python/machine_learning/Multivariate Polynomial Regression/ex2/media/raw_csv_dataSet_pf24_fuse-True_n2_[0_90].png
NON-DIR,/home/pi/Chromebook-projects/teststuff/python/machine_learning/Multivariate Polynomial Regression/ex2/media/raw_csv_dataSet_pf26_fuse-True_n2_[0:90].png,/home/pi/Chromebook-projects/teststuff/python/machine_learning/Multivariate Polynomial Regression/ex2/media/raw_csv_dataSet_pf26_fuse-True_n2_[0_90].png
NON-DIR,/home/pi/Chromebook-projects/teststuff/python/machine_learning/Multivariate Polynomial Regression/ex2/media/raw_csv_dataSet_pf27_fuse-True_n3_[0:90].png,/home/pi/Chromebook-projects/teststuff/python/machine_learning/Multivariate Polynomial Regression/ex2/media/raw_csv_dataSet_pf27_fuse-True_n3_[0_90].png
NON-DIR,/home/pi/Chromebook-projects/teststuff/python/machine_learning/Multivariate Polynomial Regression/ex2/media/raw_csv_dataSet_pf22_fuse-True_n2_[0:90].png,/home/pi/Chromebook-projects/teststuff/python/machine_learning/Multivariate Polynomial Regression/ex2/media/raw_csv_dataSet_pf22_fuse-True_n2_[0_90].png
NON-DIR,/home/pi/Chromebook-projects/teststuff/python/machine_learning/Multivariate Polynomial Regression/ex2/media/raw_csv_dataSet_pf25_fuse-True_n2_[0:90].png,/home/pi/Chromebook-projects/teststuff/python/machine_learning/Multivariate Polynomial Regression/ex2/media/raw_csv_dataSet_pf25_fuse-True_n2_[0_90].png
NON-DIR,/home/pi/Chromebook-projects/teststuff/python/machine_learning/Multivariate Polynomial Regression/ex2/media/raw_csv_dataSet_pf27_fuse-True_n2_[0:90].png,/home/pi/Chromebook-projects/teststuff/python/machine_learning/Multivariate Polynomial Regression/ex2/media/raw_csv_dataSet_pf27_fuse-True_n2_[0_90].png
NON-DIR,/home/pi/Chromebook-projects/teststuff/python/opencv/camDist/3D_media/img_2_90:0.png,/home/pi/Chromebook-projects/teststuff/python/opencv/camDist/3D_media/img_2_90_0.png
NON-DIR,/home/pi/Chromebook-projects/teststuff/python/opencv/camDist/3D_media/img_all_-90:0.png,/home/pi/Chromebook-projects/teststuff/python/opencv/camDist/3D_media/img_all_-90_0.png
NON-DIR,/home/pi/Chromebook-projects/teststuff/python/opencv/camDist/3D_media/img_7_90:0.png,/home/pi/Chromebook-projects/teststuff/python/opencv/camDist/3D_media/img_7_90_0.png
NON-DIR,/home/pi/Chromebook-projects/teststuff/python/opencv/camDist/3D_media/img_None_90:0.png,/home/pi/Chromebook-projects/teststuff/python/opencv/camDist/3D_media/img_None_90_0.png
NON-DIR,/home/pi/Chromebook-projects/teststuff/python/opencv/camDist/3D_media/img_all_0:90.png,/home/pi/Chromebook-projects/teststuff/python/opencv/camDist/3D_media/img_all_0_90.png
NON-DIR,/home/pi/Chromebook-projects/teststuff/python/opencv/camDist/3D_media/img_all_0:0.png,/home/pi/Chromebook-projects/teststuff/python/opencv/camDist/3D_media/img_all_0_0.png
NON-DIR,/home/pi/Chromebook-projects/teststuff/python/opencv/camDist/3D_media/img_all_30:30.png,/home/pi/Chromebook-projects/teststuff/python/opencv/camDist/3D_media/img_all_30_30.png
NON-DIR,/home/pi/Chromebook-projects/teststuff/python/opencv/camDist/3D_media/img_all_30:15.png,/home/pi/Chromebook-projects/teststuff/python/opencv/camDist/3D_media/img_all_30_15.png
NON-DIR,/home/pi/Chromebook-projects/teststuff/python/opencv/camDist/3D_media/img_all_45:45.png,/home/pi/Chromebook-projects/teststuff/python/opencv/camDist/3D_media/img_all_45_45.png
NON-DIR,/home/pi/Chromebook-projects/teststuff/python/opencv/camDist/3D_media/img_all_90:0.png,/home/pi/Chromebook-projects/teststuff/python/opencv/camDist/3D_media/img_all_90_0.png
NON-DIR,/home/pi/Chromebook-projects/teststuff/python/opencv/camDist/3D_media/img_None_30:15.png,/home/pi/Chromebook-projects/teststuff/python/opencv/camDist/3D_media/img_None_30_15.png
NON-DIR,/home/pi/Chromebook-projects/teststuff/python/opencv/camDist/3D_media/img_None_90:0-1.png,/home/pi/Chromebook-projects/teststuff/python/opencv/camDist/3D_media/img_None_90_0-1.png
NON-DIR,/home/pi/Chromebook-projects/teststuff/python/opencv/camDist/3D_media/img_sum_90:0.png,/home/pi/Chromebook-projects/teststuff/python/opencv/camDist/3D_media/img_sum_90_0.png
NON-DIR,/home/pi/Chromebook-projects/teststuff/python/opencv/camDist/media/RawFig2023-10-29 01:58:14.3040820.png,/home/pi/Chromebook-projects/teststuff/python/opencv/camDist/media/RawFig2023-10-29 01_58_14.3040820.png
NON-DIR,/home/pi/Chromebook-projects/teststuff/python/opencv/camDist/media/RawFig2023-10-29 02:04:03.0369170.png,/home/pi/Chromebook-projects/teststuff/python/opencv/camDist/media/RawFig2023-10-29 02_04_03.0369170.png
NON-DIR,/home/pi/Chromebook-projects/teststuff/python/opencv/angleArea/media/raw/slice/n31_z:280_[-135,30]_[-10,10]_[[-5,5],[-5,5]]_.png,/home/pi/Chromebook-projects/teststuff/python/opencv/angleArea/media/raw/slice/n31_z_280_[-135,30]_[-10,10]_[[-5,5],[-5,5]]_.png
NON-DIR,/home/pi/Chromebook-projects/teststuff/python/opencv/angleArea/media/raw/slice/n26_z:240_[-135,30]_[-50,50]_[[-5,5],[-5,5]]_.png,/home/pi/Chromebook-projects/teststuff/python/opencv/angleArea/media/raw/slice/n26_z_240_[-135,30]_[-50,50]_[[-5,5],[-5,5]]_.png
NON-DIR,/home/pi/Chromebook-projects/teststuff/python/opencv/angleArea/media/raw/slice/n31_z:150_[-135,30]_[-10,10]_[[-5,5],[-5,5]]_.png,/home/pi/Chromebook-projects/teststuff/python/opencv/angleArea/media/raw/slice/n31_z_150_[-135,30]_[-10,10]_[[-5,5],[-5,5]]_.png
NON-DIR,/home/pi/Chromebook-projects/teststuff/python/opencv/angleArea/media/raw/slice/n26_z:280_[-135,30]_[-50,50]_[[-5,5],[-5,5]]_.png,/home/pi/Chromebook-projects/teststuff/python/opencv/angleArea/media/raw/slice/n26_z_280_[-135,30]_[-50,50]_[[-5,5],[-5,5]]_.png
NON-DIR,/home/pi/Chromebook-projects/teststuff/python/opencv/angleArea/media/raw/slice/n39_z:100_[-135,30]_[-10,10]_[[-2,2],[-2,2]]_False_.png,/home/pi/Chromebook-projects/teststuff/python/opencv/angleArea/media/raw/slice/n39_z_100_[-135,30]_[-10,10]_[[-2,2],[-2,2]]_False_.png
NON-DIR,/home/pi/Chromebook-projects/teststuff/python/opencv/angleArea/media/raw/slice/n26_z:310_[-135,30]_[-10,10]_[[-5,5],[-5,5]]_.png,/home/pi/Chromebook-projects/teststuff/python/opencv/angleArea/media/raw/slice/n26_z_310_[-135,30]_[-10,10]_[[-5,5],[-5,5]]_.png
NON-DIR,/home/pi/Chromebook-projects/teststuff/python/opencv/angleArea/media/raw/slice/n39_z:90_[-135,30]_[-10,10]_[[-5,5],[-5,5]]_False_.png,/home/pi/Chromebook-projects/teststuff/python/opencv/angleArea/media/raw/slice/n39_z_90_[-135,30]_[-10,10]_[[-5,5],[-5,5]]_False_.png
NON-DIR,/home/pi/Chromebook-projects/teststuff/python/opencv/angleArea/media/raw/slice/n30_z:FUSED_[-135,30]_[-10,10]_[[-5,5],[-5,5]]_.png,/home/pi/Chromebook-projects/teststuff/python/opencv/angleArea/media/raw/slice/n30_z_FUSED_[-135,30]_[-10,10]_[[-5,5],[-5,5]]_.png
NON-DIR,/home/pi/Chromebook-projects/teststuff/python/opencv/angleArea/media/raw/slice/n26_z:260_[-135,30]_[-50,50]_[[-5,5],[-5,5]]_.png,/home/pi/Chromebook-projects/teststuff/python/opencv/angleArea/media/raw/slice/n26_z_260_[-135,30]_[-50,50]_[[-5,5],[-5,5]]_.png
NON-DIR,/home/pi/Chromebook-projects/teststuff/python/opencv/angleArea/media/raw/slice/n39_z:340_[-135,30]_[-10,10]_[[-2,2],[-2,2]]_False_.png,/home/pi/Chromebook-projects/teststuff/python/opencv/angleArea/media/raw/slice/n39_z_340_[-135,30]_[-10,10]_[[-2,2],[-2,2]]_False_.png
NON-DIR,/home/pi/Chromebook-projects/teststuff/python/opencv/angleArea/media/raw/slice/n26_z:310_[-135,30]_[-5,5]_[[-2,2],[-2,2]]_.png,/home/pi/Chromebook-projects/teststuff/python/opencv/angleArea/media/raw/slice/n26_z_310_[-135,30]_[-5,5]_[[-2,2],[-2,2]]_.png
NON-DIR,/home/pi/Chromebook-projects/teststuff/python/opencv/angleArea/media/raw/slice/n26_z:310_[-135,30]_[-10,10]_[[-5,5],[-5,5]]_True_.png,/home/pi/Chromebook-projects/teststuff/python/opencv/angleArea/media/raw/slice/n26_z_310_[-135,30]_[-10,10]_[[-5,5],[-5,5]]_True_.png
NON-DIR,/home/pi/Chromebook-projects/teststuff/python/opencv/angleArea/media/raw/slice/n26_z:320_[-135,30]_[-50,50]_[[-5,5],[-5,5]]_.png,/home/pi/Chromebook-projects/teststuff/python/opencv/angleArea/media/raw/slice/n26_z_320_[-135,30]_[-50,50]_[[-5,5],[-5,5]]_.png
NON-DIR,/home/pi/Chromebook-projects/teststuff/python/opencv/angleArea/media/raw/slice/n39_z:290_[-135,30]_[-10,10]_[[-2,2],[-2,2]]_False_.png,/home/pi/Chromebook-projects/teststuff/python/opencv/angleArea/media/raw/slice/n39_z_290_[-135,30]_[-10,10]_[[-2,2],[-2,2]]_False_.png
NON-DIR,/home/pi/Chromebook-projects/teststuff/python/opencv/angleArea/media/raw/slice/n31_z:180_[-135,30]_[-10,10]_[[-5,5],[-5,5]]_.png,/home/pi/Chromebook-projects/teststuff/python/opencv/angleArea/media/raw/slice/n31_z_180_[-135,30]_[-10,10]_[[-5,5],[-5,5]]_.png
NON-DIR,/home/pi/Chromebook-projects/teststuff/python/opencv/angleArea/media/raw/slice/n26_z:220_[-135,30]_[-50,50]_[[-5,5],[-5,5]]_.png,/home/pi/Chromebook-projects/teststuff/python/opencv/angleArea/media/raw/slice/n26_z_220_[-135,30]_[-50,50]_[[-5,5],[-5,5]]_.png
NON-DIR,/home/pi/Chromebook-projects/teststuff/python/opencv/angleArea/media/raw/slice/n39_z:410_[-135,30]_[-10,10]_[[-2,2],[-2,2]]_False_.png,/home/pi/Chromebook-projects/teststuff/python/opencv/angleArea/media/raw/slice/n39_z_410_[-135,30]_[-10,10]_[[-2,2],[-2,2]]_False_.png
NON-DIR,/home/pi/Chromebook-projects/teststuff/python/opencv/angleArea/media/raw/slice/n36_z:FUSED_[-135,30]_[-10,10]_[[-5,5],[-5,5]]_True_.png,/home/pi/Chromebook-projects/teststuff/python/opencv/angleArea/media/raw/slice/n36_z_FUSED_[-135,30]_[-10,10]_[[-5,5],[-5,5]]_True_.png
NON-DIR,/home/pi/Chromebook-projects/teststuff/python/opencv/angleArea/media/raw/slice/n31_z:210_[-135,30]_[-10,10]_[[-5,5],[-5,5]]_True_.png,/home/pi/Chromebook-projects/teststuff/python/opencv/angleArea/media/raw/slice/n31_z_210_[-135,30]_[-10,10]_[[-5,5],[-5,5]]_True_.png
NON-DIR,/home/pi/Chromebook-projects/teststuff/python/opencv/angleArea/media/raw/slice/n39_z:240_[-135,30]_[-10,10]_[[-2,2],[-2,2]]_False_.png,/home/pi/Chromebook-projects/teststuff/python/opencv/angleArea/media/raw/slice/n39_z_240_[-135,30]_[-10,10]_[[-2,2],[-2,2]]_False_.png
NON-DIR,/home/pi/Chromebook-projects/teststuff/python/opencv/angleArea/media/raw/slice/n39_z:390_[-135,30]_[-10,10]_[[-2,2],[-2,2]]_False_.png,/home/pi/Chromebook-projects/teststuff/python/opencv/angleArea/media/raw/slice/n39_z_390_[-135,30]_[-10,10]_[[-2,2],[-2,2]]_False_.png
NON-DIR,/home/pi/Chromebook-projects/teststuff/python/opencv/angleArea/media/raw/slice/n26_z:400_[-135,30]_[-25,25]_[[-5,5],[-5,5]]_.png,/home/pi/Chromebook-projects/teststuff/python/opencv/angleArea/media/raw/slice/n26_z_400_[-135,30]_[-25,25]_[[-5,5],[-5,5]]_.png
NON-DIR,/home/pi/Chromebook-projects/teststuff/python/opencv/angleArea/media/raw/slice/n39_z:400_[-135,30]_[-10,10]_[[-2,2],[-2,2]]_False_.png,/home/pi/Chromebook-projects/teststuff/python/opencv/angleArea/media/raw/slice/n39_z_400_[-135,30]_[-10,10]_[[-2,2],[-2,2]]_False_.png
NON-DIR,/home/pi/Chromebook-projects/teststuff/python/opencv/angleArea/media/raw/slice/n39_z:310_[-135,30]_[-10,10]_[[-2,2],[-2,2]]_False_.png,/home/pi/Chromebook-projects/teststuff/python/opencv/angleArea/media/raw/slice/n39_z_310_[-135,30]_[-10,10]_[[-2,2],[-2,2]]_False_.png
NON-DIR,/home/pi/Chromebook-projects/teststuff/python/opencv/angleArea/media/raw/slice/n26_z:310_[-135,30]_[-20,20]_[[-2,2],[-2,2]]_.png,/home/pi/Chromebook-projects/teststuff/python/opencv/angleArea/media/raw/slice/n26_z_310_[-135,30]_[-20,20]_[[-2,2],[-2,2]]_.png
NON-DIR,/home/pi/Chromebook-projects/teststuff/python/opencv/angleArea/media/raw/slice/n24_z:FUSED_[-135,30]_[-10,10]_[[-10,10],[-10,10]]_.png,/home/pi/Chromebook-projects/teststuff/python/opencv/angleArea/media/raw/slice/n24_z_FUSED_[-135,30]_[-10,10]_[[-10,10],[-10,10]]_.png
NON-DIR,/home/pi/Chromebook-projects/teststuff/python/opencv/angleArea/media/raw/slice/n31_z:240_[-135,30]_[-10,10]_[[-5,5],[-5,5]]_.png,/home/pi/Chromebook-projects/teststuff/python/opencv/angleArea/media/raw/slice/n31_z_240_[-135,30]_[-10,10]_[[-5,5],[-5,5]]_.png
NON-DIR,/home/pi/Chromebook-projects/teststuff/python/opencv/angleArea/media/raw/slice/n27_z:FUSED_[-135,30]_[-2,2]_[[-5,5],[-5,5]]_.png,/home/pi/Chromebook-projects/teststuff/python/opencv/angleArea/media/raw/slice/n27_z_FUSED_[-135,30]_[-2,2]_[[-5,5],[-5,5]]_.png
NON-DIR,/home/pi/Chromebook-projects/teststuff/python/opencv/angleArea/media/raw/slice/n2_z:180_[-135,30]_[-25,25]_[[-5,5],[-5,5]]_.png,/home/pi/Chromebook-projects/teststuff/python/opencv/angleArea/media/raw/slice/n2_z_180_[-135,30]_[-25,25]_[[-5,5],[-5,5]]_.png
NON-DIR,/home/pi/Chromebook-projects/teststuff/python/opencv/angleArea/media/raw/slice/n39_z:250_[-135,30]_[-10,10]_[[-5,5],[-5,5]]_True_.png,/home/pi/Chromebook-projects/teststuff/python/opencv/angleArea/media/raw/slice/n39_z_250_[-135,30]_[-10,10]_[[-5,5],[-5,5]]_True_.png
NON-DIR,/home/pi/Chromebook-projects/teststuff/python/opencv/angleArea/media/raw/slice/n26_z:180_[-135,30]_[-25,25]_[[-5,5],[-5,5]]_.png,/home/pi/Chromebook-projects/teststuff/python/opencv/angleArea/media/raw/slice/n26_z_180_[-135,30]_[-25,25]_[[-5,5],[-5,5]]_.png
NON-DIR,/home/pi/Chromebook-projects/teststuff/python/opencv/angleArea/media/raw/slice/n31_z:300_[-135,30]_[-10,10]_[[-5,5],[-5,5]]_.png,/home/pi/Chromebook-projects/teststuff/python/opencv/angleArea/media/raw/slice/n31_z_300_[-135,30]_[-10,10]_[[-5,5],[-5,5]]_.png
NON-DIR,/home/pi/Chromebook-projects/teststuff/python/opencv/angleArea/media/raw/slice/n39_z:370_[-135,30]_[-10,10]_[[-2,2],[-2,2]]_False_.png,/home/pi/Chromebook-projects/teststuff/python/opencv/angleArea/media/raw/slice/n39_z_370_[-135,30]_[-10,10]_[[-2,2],[-2,2]]_False_.png
NON-DIR,/home/pi/Chromebook-projects/teststuff/python/opencv/angleArea/media/raw/slice/n39_z:120_[-135,30]_[-10,10]_[[-2,2],[-2,2]]_False_.png,/home/pi/Chromebook-projects/teststuff/python/opencv/angleArea/media/raw/slice/n39_z_120_[-135,30]_[-10,10]_[[-2,2],[-2,2]]_False_.png
NON-DIR,/home/pi/Chromebook-projects/teststuff/python/opencv/angleArea/media/raw/slice/n26_z:360_[-135,30]_[-25,25]_[[-5,5],[-5,5]]_.png,/home/pi/Chromebook-projects/teststuff/python/opencv/angleArea/media/raw/slice/n26_z_360_[-135,30]_[-25,25]_[[-5,5],[-5,5]]_.png
NON-DIR,/home/pi/Chromebook-projects/teststuff/python/opencv/angleArea/media/raw/slice/n26_z:420_[-135,30]_[-25,25]_[[-5,5],[-5,5]]_.png,/home/pi/Chromebook-projects/teststuff/python/opencv/angleArea/media/raw/slice/n26_z_420_[-135,30]_[-25,25]_[[-5,5],[-5,5]]_.png
NON-DIR,/home/pi/Chromebook-projects/teststuff/python/opencv/angleArea/media/raw/slice/n27_z:FUSED_[-135,30]_[-10,10]_[[-5,5],[-5,5]]_True_.png,/home/pi/Chromebook-projects/teststuff/python/opencv/angleArea/media/raw/slice/n27_z_FUSED_[-135,30]_[-10,10]_[[-5,5],[-5,5]]_True_.png
NON-DIR,/home/pi/Chromebook-projects/teststuff/python/opencv/angleArea/media/raw/slice/n26_z:320_[-135,30]_[-25,25]_[[-5,5],[-5,5]]_.png,/home/pi/Chromebook-projects/teststuff/python/opencv/angleArea/media/raw/slice/n26_z_320_[-135,30]_[-25,25]_[[-5,5],[-5,5]]_.png
NON-DIR,/home/pi/Chromebook-projects/teststuff/python/opencv/angleArea/media/raw/slice/n39_z:210_[-135,30]_[-10,10]_[[-2,2],[-2,2]]_False_.png,/home/pi/Chromebook-projects/teststuff/python/opencv/angleArea/media/raw/slice/n39_z_210_[-135,30]_[-10,10]_[[-2,2],[-2,2]]_False_.png
NON-DIR,/home/pi/Chromebook-projects/teststuff/python/opencv/angleArea/media/raw/slice/n39_z:320_[-135,30]_[-10,10]_[[-2,2],[-2,2]]_False_.png,/home/pi/Chromebook-projects/teststuff/python/opencv/angleArea/media/raw/slice/n39_z_320_[-135,30]_[-10,10]_[[-2,2],[-2,2]]_False_.png
NON-DIR,/home/pi/Chromebook-projects/teststuff/python/opencv/angleArea/media/raw/slice/n35_z:FUSED_[-135,30]_[-10,10]_[[-5,5],[-5,5]]_True_.png,/home/pi/Chromebook-projects/teststuff/python/opencv/angleArea/media/raw/slice/n35_z_FUSED_[-135,30]_[-10,10]_[[-5,5],[-5,5]]_True_.png
NON-DIR,/home/pi/Chromebook-projects/teststuff/python/opencv/angleArea/media/raw/slice/n39_z:220_[-135,30]_[-10,10]_[[-2,2],[-2,2]]_False_.png,/home/pi/Chromebook-projects/teststuff/python/opencv/angleArea/media/raw/slice/n39_z_220_[-135,30]_[-10,10]_[[-2,2],[-2,2]]_False_.png
NON-DIR,/home/pi/Chromebook-projects/teststuff/python/opencv/angleArea/media/raw/slice/n26_z:200_[-135,30]_[-10,10]_[[-5,5],[-5,5]]_.png,/home/pi/Chromebook-projects/teststuff/python/opencv/angleArea/media/raw/slice/n26_z_200_[-135,30]_[-10,10]_[[-5,5],[-5,5]]_.png
NON-DIR,/home/pi/Chromebook-projects/teststuff/python/opencv/angleArea/media/raw/slice/n31_z:310_[-135,30]_[0,0]_[[-5,5],[-5,5]]_False_.png,/home/pi/Chromebook-projects/teststuff/python/opencv/angleArea/media/raw/slice/n31_z_310_[-135,30]_[0,0]_[[-5,5],[-5,5]]_False_.png
NON-DIR,/home/pi/Chromebook-projects/teststuff/python/opencv/angleArea/media/raw/slice/n26_z:120_[-135,30]_[-25,25]_[[-5,5],[-5,5]]_.png,/home/pi/Chromebook-projects/teststuff/python/opencv/angleArea/media/raw/slice/n26_z_120_[-135,30]_[-25,25]_[[-5,5],[-5,5]]_.png
NON-DIR,/home/pi/Chromebook-projects/teststuff/python/opencv/angleArea/media/raw/slice/n31_z:200_[-135,30]_[-10,10]_[[-5,5],[-5,5]]_False_.png,/home/pi/Chromebook-projects/teststuff/python/opencv/angleArea/media/raw/slice/n31_z_200_[-135,30]_[-10,10]_[[-5,5],[-5,5]]_False_.png
NON-DIR,/home/pi/Chromebook-projects/teststuff/python/opencv/angleArea/media/raw/slice/n26_z:340_[-135,30]_[-50,50]_[[-5,5],[-5,5]]_.png,/home/pi/Chromebook-projects/teststuff/python/opencv/angleArea/media/raw/slice/n26_z_340_[-135,30]_[-50,50]_[[-5,5],[-5,5]]_.png
NON-DIR,/home/pi/Chromebook-projects/teststuff/python/opencv/angleArea/media/raw/slice/n39_z:110_[-135,30]_[-10,10]_[[-2,2],[-2,2]]_False_.png,/home/pi/Chromebook-projects/teststuff/python/opencv/angleArea/media/raw/slice/n39_z_110_[-135,30]_[-10,10]_[[-2,2],[-2,2]]_False_.png
NON-DIR,/home/pi/Chromebook-projects/teststuff/python/opencv/angleArea/media/raw/slice/n26_z:180_[-135,30]_[-50,50]_[[-5,5],[-5,5]]_.png,/home/pi/Chromebook-projects/teststuff/python/opencv/angleArea/media/raw/slice/n26_z_180_[-135,30]_[-50,50]_[[-5,5],[-5,5]]_.png
NON-DIR,/home/pi/Chromebook-projects/teststuff/python/opencv/angleArea/media/raw/slice/n39_z:160_[-135,30]_[-10,10]_[[-2,2],[-2,2]]_False_.png,/home/pi/Chromebook-projects/teststuff/python/opencv/angleArea/media/raw/slice/n39_z_160_[-135,30]_[-10,10]_[[-2,2],[-2,2]]_False_.png
NON-DIR,/home/pi/Chromebook-projects/teststuff/python/opencv/angleArea/media/raw/slice/n39_z:130_[-135,30]_[-10,10]_[[-2,2],[-2,2]]_False_.png,/home/pi/Chromebook-projects/teststuff/python/opencv/angleArea/media/raw/slice/n39_z_130_[-135,30]_[-10,10]_[[-2,2],[-2,2]]_False_.png
NON-DIR,/home/pi/Chromebook-projects/teststuff/python/opencv/angleArea/media/raw/slice/n26_z:300_[-135,30]_[-50,50]_[[-5,5],[-5,5]]_.png,/home/pi/Chromebook-projects/teststuff/python/opencv/angleArea/media/raw/slice/n26_z_300_[-135,30]_[-50,50]_[[-5,5],[-5,5]]_.png
NON-DIR,/home/pi/Chromebook-projects/teststuff/python/opencv/angleArea/media/raw/slice/n31_z:310_[-135,30]_[0,0]_[[-5,5],[-5,5]]_True_.png,/home/pi/Chromebook-projects/teststuff/python/opencv/angleArea/media/raw/slice/n31_z_310_[-135,30]_[0,0]_[[-5,5],[-5,5]]_True_.png
NON-DIR,/home/pi/Chromebook-projects/teststuff/python/opencv/angleArea/media/raw/slice/n31_z:310_[-135,30]_[-10,10]_[[-5,5],[-5,5]]_True_.png,/home/pi/Chromebook-projects/teststuff/python/opencv/angleArea/media/raw/slice/n31_z_310_[-135,30]_[-10,10]_[[-5,5],[-5,5]]_True_.png
NON-DIR,/home/pi/Chromebook-projects/teststuff/python/opencv/angleArea/media/raw/slice/n27_z:FUSED_[-135,30]_[-10,10]_[[-5,5],[-5,5]]_False_.png,/home/pi/Chromebook-projects/teststuff/python/opencv/angleArea/media/raw/slice/n27_z_FUSED_[-135,30]_[-10,10]_[[-5,5],[-5,5]]_False_.png
NON-DIR,/home/pi/Chromebook-projects/teststuff/python/opencv/angleArea/media/raw/slice/n26_z:200_[-135,30]_[-25,25]_[[-5,5],[-5,5]]_.png,/home/pi/Chromebook-projects/teststuff/python/opencv/angleArea/media/raw/slice/n26_z_200_[-135,30]_[-25,25]_[[-5,5],[-5,5]]_.png
NON-DIR,/home/pi/Chromebook-projects/teststuff/python/opencv/angleArea/media/raw/slice/n31_z:190_[-135,30]_[-10,10]_[[-5,5],[-5,5]]_.png,/home/pi/Chromebook-projects/teststuff/python/opencv/angleArea/media/raw/slice/n31_z_190_[-135,30]_[-10,10]_[[-5,5],[-5,5]]_.png
NON-DIR,/home/pi/Chromebook-projects/teststuff/python/opencv/angleArea/media/raw/slice/n31_z:220_[-135,30]_[-10,10]_[[-5,5],[-5,5]]_.png,/home/pi/Chromebook-projects/teststuff/python/opencv/angleArea/media/raw/slice/n31_z_220_[-135,30]_[-10,10]_[[-5,5],[-5,5]]_.png
NON-DIR,/home/pi/Chromebook-projects/teststuff/python/opencv/angleArea/media/raw/slice/n27_z:FUSED_[-135,30]_[-10,10]_[[-2,2],[-2,2]]_.png,/home/pi/Chromebook-projects/teststuff/python/opencv/angleArea/media/raw/slice/n27_z_FUSED_[-135,30]_[-10,10]_[[-2,2],[-2,2]]_.png
NON-DIR,/home/pi/Chromebook-projects/teststuff/python/opencv/angleArea/media/raw/slice/n39_z:360_[-135,30]_[-10,10]_[[-2,2],[-2,2]]_False_.png,/home/pi/Chromebook-projects/teststuff/python/opencv/angleArea/media/raw/slice/n39_z_360_[-135,30]_[-10,10]_[[-2,2],[-2,2]]_False_.png
NON-DIR,/home/pi/Chromebook-projects/teststuff/python/opencv/angleArea/media/raw/slice/n34_z:FUSED_[-135,30]_[-10,10]_[[-5,5],[-5,5]]_True_.png,/home/pi/Chromebook-projects/teststuff/python/opencv/angleArea/media/raw/slice/n34_z_FUSED_[-135,30]_[-10,10]_[[-5,5],[-5,5]]_True_.png
NON-DIR,/home/pi/Chromebook-projects/teststuff/python/opencv/angleArea/media/raw/slice/n26_z:100_[-135,30]_[-50,50]_[[-5,5],[-5,5]]_.png,/home/pi/Chromebook-projects/teststuff/python/opencv/angleArea/media/raw/slice/n26_z_100_[-135,30]_[-50,50]_[[-5,5],[-5,5]]_.png
NON-DIR,/home/pi/Chromebook-projects/teststuff/python/opencv/angleArea/media/raw/slice/n32_z:FUSED_[-135,30]_[-10,10]_[[-5,5],[-5,5]]_True_.png,/home/pi/Chromebook-projects/teststuff/python/opencv/angleArea/media/raw/slice/n32_z_FUSED_[-135,30]_[-10,10]_[[-5,5],[-5,5]]_True_.png
NON-DIR,/home/pi/Chromebook-projects/teststuff/python/opencv/angleArea/media/raw/slice/n37_z:FUSED_[-135,30]_[-10,10]_[[-5,5],[-5,5]]_True_.png,/home/pi/Chromebook-projects/teststuff/python/opencv/angleArea/media/raw/slice/n37_z_FUSED_[-135,30]_[-10,10]_[[-5,5],[-5,5]]_True_.png
NON-DIR,/home/pi/Chromebook-projects/teststuff/python/opencv/angleArea/media/raw/slice/n24_z:FUSED_[-135,30]_[-10,10]_[[-5,5],[-5,5]]_.png,/home/pi/Chromebook-projects/teststuff/python/opencv/angleArea/media/raw/slice/n24_z_FUSED_[-135,30]_[-10,10]_[[-5,5],[-5,5]]_.png
NON-DIR,/home/pi/Chromebook-projects/teststuff/python/opencv/angleArea/media/raw/slice/n31_z:140_[-135,30]_[-10,10]_[[-5,5],[-5,5]]_.png,/home/pi/Chromebook-projects/teststuff/python/opencv/angleArea/media/raw/slice/n31_z_140_[-135,30]_[-10,10]_[[-5,5],[-5,5]]_.png
NON-DIR,/home/pi/Chromebook-projects/teststuff/python/opencv/angleArea/media/raw/slice/n31_z:310_[-135,30]_[-5,5]_[[-5,5],[-5,5]]_.png,/home/pi/Chromebook-projects/teststuff/python/opencv/angleArea/media/raw/slice/n31_z_310_[-135,30]_[-5,5]_[[-5,5],[-5,5]]_.png
NON-DIR,/home/pi/Chromebook-projects/teststuff/python/opencv/angleArea/media/raw/slice/n31_z:310_[-135,30]_[0,0]_[[-5,5],[-5,5]]_.png,/home/pi/Chromebook-projects/teststuff/python/opencv/angleArea/media/raw/slice/n31_z_310_[-135,30]_[0,0]_[[-5,5],[-5,5]]_.png
NON-DIR,/home/pi/Chromebook-projects/teststuff/python/opencv/angleArea/media/raw/slice/n22_z:FUSED_[-135,30]_[-10,10]_[[-2,2],[-2,2]]_.png,/home/pi/Chromebook-projects/teststuff/python/opencv/angleArea/media/raw/slice/n22_z_FUSED_[-135,30]_[-10,10]_[[-2,2],[-2,2]]_.png
NON-DIR,/home/pi/Chromebook-projects/teststuff/python/opencv/angleArea/media/raw/slice/n31_z:260_[-135,30]_[-10,10]_[[-5,5],[-5,5]]_.png,/home/pi/Chromebook-projects/teststuff/python/opencv/angleArea/media/raw/slice/n31_z_260_[-135,30]_[-10,10]_[[-5,5],[-5,5]]_.png
NON-DIR,/home/pi/Chromebook-projects/teststuff/python/opencv/angleArea/media/raw/slice/n26_z:310_[-135,30]_[0,0]_[[-2,2],[-2,2]]_.png,/home/pi/Chromebook-projects/teststuff/python/opencv/angleArea/media/raw/slice/n26_z_310_[-135,30]_[0,0]_[[-2,2],[-2,2]]_.png
NON-DIR,/home/pi/Chromebook-projects/teststuff/python/opencv/angleArea/media/raw/slice/n39_z:140_[-135,30]_[-10,10]_[[-2,2],[-2,2]]_False_.png,/home/pi/Chromebook-projects/teststuff/python/opencv/angleArea/media/raw/slice/n39_z_140_[-135,30]_[-10,10]_[[-2,2],[-2,2]]_False_.png
NON-DIR,/home/pi/Chromebook-projects/teststuff/python/opencv/angleArea/media/raw/slice/n23_z:310_[-135,30]_[-10,10]_[[-2,2],[-2,2]]_.png,/home/pi/Chromebook-projects/teststuff/python/opencv/angleArea/media/raw/slice/n23_z_310_[-135,30]_[-10,10]_[[-2,2],[-2,2]]_.png
NON-DIR,/home/pi/Chromebook-projects/teststuff/python/opencv/angleArea/media/raw/slice/n39_z:200_[-135,30]_[-10,10]_[[-2,2],[-2,2]]_False_.png,/home/pi/Chromebook-projects/teststuff/python/opencv/angleArea/media/raw/slice/n39_z_200_[-135,30]_[-10,10]_[[-2,2],[-2,2]]_False_.png
NON-DIR,/home/pi/Chromebook-projects/teststuff/python/opencv/angleArea/media/raw/slice/n31_z:310_[-135,30]_[-2,2]_[[-5,5],[-5,5]]_.png,/home/pi/Chromebook-projects/teststuff/python/opencv/angleArea/media/raw/slice/n31_z_310_[-135,30]_[-2,2]_[[-5,5],[-5,5]]_.png
NON-DIR,/home/pi/Chromebook-projects/teststuff/python/opencv/angleArea/media/raw/slice/n31_z:310_[-135,30]_[-10,10]_[[-5,5],[-5,5]]_False_.png,/home/pi/Chromebook-projects/teststuff/python/opencv/angleArea/media/raw/slice/n31_z_310_[-135,30]_[-10,10]_[[-5,5],[-5,5]]_False_.png
NON-DIR,/home/pi/Chromebook-projects/teststuff/python/opencv/angleArea/media/raw/slice/n38_z:FUSED_[-135,30]_[-10,10]_[[-5,5],[-5,5]]_True_.png,/home/pi/Chromebook-projects/teststuff/python/opencv/angleArea/media/raw/slice/n38_z_FUSED_[-135,30]_[-10,10]_[[-5,5],[-5,5]]_True_.png
NON-DIR,/home/pi/Chromebook-projects/teststuff/python/opencv/angleArea/media/raw/slice/n31_z:310_[-135,30]_[-10,10]_[[-5,5],[-5,5]]_.png,/home/pi/Chromebook-projects/teststuff/python/opencv/angleArea/media/raw/slice/n31_z_310_[-135,30]_[-10,10]_[[-5,5],[-5,5]]_.png
NON-DIR,/home/pi/Chromebook-projects/teststuff/python/opencv/angleArea/media/raw/slice/n39_z:180_[-135,30]_[-10,10]_[[-2,2],[-2,2]]_False_.png,/home/pi/Chromebook-projects/teststuff/python/opencv/angleArea/media/raw/slice/n39_z_180_[-135,30]_[-10,10]_[[-2,2],[-2,2]]_False_.png
NON-DIR,/home/pi/Chromebook-projects/teststuff/python/opencv/angleArea/media/raw/slice/n33_z:FUSED_[-135,30]_[-10,10]_[[-5,5],[-5,5]]_True_.png,/home/pi/Chromebook-projects/teststuff/python/opencv/angleArea/media/raw/slice/n33_z_FUSED_[-135,30]_[-10,10]_[[-5,5],[-5,5]]_True_.png
NON-DIR,/home/pi/Chromebook-projects/teststuff/python/opencv/angleArea/media/raw/slice/n39_z:200_[-135,30]_[-10,10]_[[-5,5],[-5,5]]_False_.png,/home/pi/Chromebook-projects/teststuff/python/opencv/angleArea/media/raw/slice/n39_z_200_[-135,30]_[-10,10]_[[-5,5],[-5,5]]_False_.png
NON-DIR,/home/pi/Chromebook-projects/teststuff/python/opencv/angleArea/media/raw/slice/n26_z:160_[-135,30]_[-25,25]_[[-5,5],[-5,5]]_.png,/home/pi/Chromebook-projects/teststuff/python/opencv/angleArea/media/raw/slice/n26_z_160_[-135,30]_[-25,25]_[[-5,5],[-5,5]]_.png
NON-DIR,/home/pi/Chromebook-projects/teststuff/python/opencv/angleArea/media/raw/slice/n39_z:330_[-135,30]_[-10,10]_[[-2,2],[-2,2]]_False_.png,/home/pi/Chromebook-projects/teststuff/python/opencv/angleArea/media/raw/slice/n39_z_330_[-135,30]_[-10,10]_[[-2,2],[-2,2]]_False_.png
NON-DIR,/home/pi/Chromebook-projects/teststuff/python/opencv/angleArea/media/raw/slice/n28_z:FUSED_[-135,30]_[-10,10]_[[-5,5],[-5,5]]_.png,/home/pi/Chromebook-projects/teststuff/python/opencv/angleArea/media/raw/slice/n28_z_FUSED_[-135,30]_[-10,10]_[[-5,5],[-5,5]]_.png
NON-DIR,/home/pi/Chromebook-projects/teststuff/python/opencv/angleArea/media/raw/slice/n31_z:170_[-135,30]_[-10,10]_[[-5,5],[-5,5]]_.png,/home/pi/Chromebook-projects/teststuff/python/opencv/angleArea/media/raw/slice/n31_z_170_[-135,30]_[-10,10]_[[-5,5],[-5,5]]_.png
NON-DIR,/home/pi/Chromebook-projects/teststuff/python/opencv/angleArea/media/raw/slice/n31_z:210_[-135,30]_[-10,10]_[[-5,5],[-5,5]]_.png,/home/pi/Chromebook-projects/teststuff/python/opencv/angleArea/media/raw/slice/n31_z_210_[-135,30]_[-10,10]_[[-5,5],[-5,5]]_.png
NON-DIR,/home/pi/Chromebook-projects/teststuff/python/opencv/angleArea/media/raw/slice/n20_z:FUSED_[-135,30]_[-10,10]_[[-5,5],[-5,5]]_.png,/home/pi/Chromebook-projects/teststuff/python/opencv/angleArea/media/raw/slice/n20_z_FUSED_[-135,30]_[-10,10]_[[-5,5],[-5,5]]_.png
NON-DIR,/home/pi/Chromebook-projects/teststuff/python/opencv/angleArea/media/raw/slice/n39_z:380_[-135,30]_[-10,10]_[[-2,2],[-2,2]]_False_.png,/home/pi/Chromebook-projects/teststuff/python/opencv/angleArea/media/raw/slice/n39_z_380_[-135,30]_[-10,10]_[[-2,2],[-2,2]]_False_.png
NON-DIR,/home/pi/Chromebook-projects/teststuff/python/opencv/angleArea/media/raw/slice/n39_z:300_[-135,30]_[-10,10]_[[-2,2],[-2,2]]_False_.png,/home/pi/Chromebook-projects/teststuff/python/opencv/angleArea/media/raw/slice/n39_z_300_[-135,30]_[-10,10]_[[-2,2],[-2,2]]_False_.png
NON-DIR,/home/pi/Chromebook-projects/teststuff/python/opencv/angleArea/media/raw/slice/n39_z:230_[-135,30]_[-10,10]_[[-2,2],[-2,2]]_False_.png,/home/pi/Chromebook-projects/teststuff/python/opencv/angleArea/media/raw/slice/n39_z_230_[-135,30]_[-10,10]_[[-2,2],[-2,2]]_False_.png
NON-DIR,/home/pi/Chromebook-projects/teststuff/python/opencv/angleArea/media/raw/slice/n31_z:250_[-135,30]_[-10,10]_[[-5,5],[-5,5]]_.png,/home/pi/Chromebook-projects/teststuff/python/opencv/angleArea/media/raw/slice/n31_z_250_[-135,30]_[-10,10]_[[-5,5],[-5,5]]_.png
NON-DIR,/home/pi/Chromebook-projects/teststuff/python/opencv/angleArea/media/raw/slice/n39_z:350_[-135,30]_[-10,10]_[[-2,2],[-2,2]]_False_.png,/home/pi/Chromebook-projects/teststuff/python/opencv/angleArea/media/raw/slice/n39_z_350_[-135,30]_[-10,10]_[[-2,2],[-2,2]]_False_.png
NON-DIR,/home/pi/Chromebook-projects/teststuff/python/opencv/angleArea/media/raw/slice/n27_z:FUSED_[-135,30]_[-10,10]_[[-5,5],[-5,5]]_.png,/home/pi/Chromebook-projects/teststuff/python/opencv/angleArea/media/raw/slice/n27_z_FUSED_[-135,30]_[-10,10]_[[-5,5],[-5,5]]_.png
NON-DIR,/home/pi/Chromebook-projects/teststuff/python/opencv/angleArea/media/raw/slice/n26_z:340_[-135,30]_[-25,25]_[[-5,5],[-5,5]]_.png,/home/pi/Chromebook-projects/teststuff/python/opencv/angleArea/media/raw/slice/n26_z_340_[-135,30]_[-25,25]_[[-5,5],[-5,5]]_.png
NON-DIR,/home/pi/Chromebook-projects/teststuff/python/opencv/angleArea/media/raw/slice/n39_z:280_[-135,30]_[-10,10]_[[-2,2],[-2,2]]_False_.png,/home/pi/Chromebook-projects/teststuff/python/opencv/angleArea/media/raw/slice/n39_z_280_[-135,30]_[-10,10]_[[-2,2],[-2,2]]_False_.png
NON-DIR,/home/pi/Chromebook-projects/teststuff/python/opencv/angleArea/media/raw/slice/n26_z:310_[-135,30]_[-10,10]_[[-2,2],[-2,2]]_.png,/home/pi/Chromebook-projects/teststuff/python/opencv/angleArea/media/raw/slice/n26_z_310_[-135,30]_[-10,10]_[[-2,2],[-2,2]]_.png
NON-DIR,/home/pi/Chromebook-projects/teststuff/python/opencv/angleArea/media/raw/slice/n39_z:170_[-135,30]_[-10,10]_[[-2,2],[-2,2]]_False_.png,/home/pi/Chromebook-projects/teststuff/python/opencv/angleArea/media/raw/slice/n39_z_170_[-135,30]_[-10,10]_[[-2,2],[-2,2]]_False_.png
NON-DIR,/home/pi/Chromebook-projects/teststuff/python/opencv/angleArea/media/raw/slice/n29_z:FUSED_[-135,30]_[-10,10]_[[-5,5],[-5,5]]_.png,/home/pi/Chromebook-projects/teststuff/python/opencv/angleArea/media/raw/slice/n29_z_FUSED_[-135,30]_[-10,10]_[[-5,5],[-5,5]]_.png
NON-DIR,/home/pi/Chromebook-projects/teststuff/python/opencv/angleArea/media/raw/slice/n26_z:200_[-135,30]_[-50,50]_[[-5,5],[-5,5]]_.png,/home/pi/Chromebook-projects/teststuff/python/opencv/angleArea/media/raw/slice/n26_z_200_[-135,30]_[-50,50]_[[-5,5],[-5,5]]_.png
NON-DIR,/home/pi/Chromebook-projects/teststuff/python/opencv/angleArea/media/raw/slice/n39_z:90_[-135,30]_[-10,10]_[[-5,5],[-5,5]]_True_.png,/home/pi/Chromebook-projects/teststuff/python/opencv/angleArea/media/raw/slice/n39_z_90_[-135,30]_[-10,10]_[[-5,5],[-5,5]]_True_.png
NON-DIR,/home/pi/Chromebook-projects/teststuff/python/opencv/angleArea/media/raw/slice/n26_z:150_[-135,30]_[-50,50]_[[-5,5],[-5,5]]_.png,/home/pi/Chromebook-projects/teststuff/python/opencv/angleArea/media/raw/slice/n26_z_150_[-135,30]_[-50,50]_[[-5,5],[-5,5]]_.png
NON-DIR,/home/pi/Chromebook-projects/teststuff/python/opencv/angleArea/media/raw/slice/n39_z:150_[-135,30]_[-10,10]_[[-2,2],[-2,2]]_False_.png,/home/pi/Chromebook-projects/teststuff/python/opencv/angleArea/media/raw/slice/n39_z_150_[-135,30]_[-10,10]_[[-2,2],[-2,2]]_False_.png
NON-DIR,/home/pi/Chromebook-projects/teststuff/python/opencv/angleArea/media/raw/slice/n39_z:270_[-135,30]_[-10,10]_[[-2,2],[-2,2]]_False_.png,/home/pi/Chromebook-projects/teststuff/python/opencv/angleArea/media/raw/slice/n39_z_270_[-135,30]_[-10,10]_[[-2,2],[-2,2]]_False_.png
NON-DIR,/home/pi/Chromebook-projects/teststuff/python/opencv/angleArea/media/raw/slice/n31_z:210_[-135,30]_[-10,10]_[[-5,5],[-5,5]]_False_.png,/home/pi/Chromebook-projects/teststuff/python/opencv/angleArea/media/raw/slice/n31_z_210_[-135,30]_[-10,10]_[[-5,5],[-5,5]]_False_.png
NON-DIR,/home/pi/Chromebook-projects/teststuff/python/opencv/angleArea/media/raw/slice/n31_z:200_[-135,30]_[-10,10]_[[-5,5],[-5,5]]_True_.png,/home/pi/Chromebook-projects/teststuff/python/opencv/angleArea/media/raw/slice/n31_z_200_[-135,30]_[-10,10]_[[-5,5],[-5,5]]_True_.png
NON-DIR,/home/pi/Chromebook-projects/teststuff/python/opencv/angleArea/media/raw/slice/n31_z:160_[-135,30]_[-10,10]_[[-5,5],[-5,5]]_.png,/home/pi/Chromebook-projects/teststuff/python/opencv/angleArea/media/raw/slice/n31_z_160_[-135,30]_[-10,10]_[[-5,5],[-5,5]]_.png
NON-DIR,/home/pi/Chromebook-projects/teststuff/python/opencv/angleArea/media/raw/slice/n39_z:250_[-135,30]_[-10,10]_[[-2,2],[-2,2]]_False_.png,/home/pi/Chromebook-projects/teststuff/python/opencv/angleArea/media/raw/slice/n39_z_250_[-135,30]_[-10,10]_[[-2,2],[-2,2]]_False_.png
NON-DIR,/home/pi/Chromebook-projects/teststuff/python/opencv/angleArea/media/raw/slice/n25_z:FUSED_[-135,30]_[-10,10]_[[-5,5],[-5,5]]_.png,/home/pi/Chromebook-projects/teststuff/python/opencv/angleArea/media/raw/slice/n25_z_FUSED_[-135,30]_[-10,10]_[[-5,5],[-5,5]]_.png
NON-DIR,/home/pi/Chromebook-projects/teststuff/python/opencv/angleArea/media/raw/slice/n39_z:250_[-135,30]_[-10,10]_[[-5,5],[-5,5]]_False_.png,/home/pi/Chromebook-projects/teststuff/python/opencv/angleArea/media/raw/slice/n39_z_250_[-135,30]_[-10,10]_[[-5,5],[-5,5]]_False_.png
NON-DIR,/home/pi/Chromebook-projects/teststuff/python/opencv/angleArea/media/raw/slice/n26_z:310_[-135,30]_[-15,15]_[[-2,2],[-2,2]]_.png,/home/pi/Chromebook-projects/teststuff/python/opencv/angleArea/media/raw/slice/n26_z_310_[-135,30]_[-15,15]_[[-2,2],[-2,2]]_.png
NON-DIR,/home/pi/Chromebook-projects/teststuff/python/opencv/angleArea/media/raw/slice/n26_z:300_[-135,30]_[-25,25]_[[-5,5],[-5,5]]_.png,/home/pi/Chromebook-projects/teststuff/python/opencv/angleArea/media/raw/slice/n26_z_300_[-135,30]_[-25,25]_[[-5,5],[-5,5]]_.png
NON-DIR,/home/pi/Chromebook-projects/teststuff/python/opencv/angleArea/media/raw/slice/n31_z:290_[-135,30]_[-10,10]_[[-5,5],[-5,5]]_.png,/home/pi/Chromebook-projects/teststuff/python/opencv/angleArea/media/raw/slice/n31_z_290_[-135,30]_[-10,10]_[[-5,5],[-5,5]]_.png
NON-DIR,/home/pi/Chromebook-projects/teststuff/python/opencv/angleArea/media/raw/slice/n23_z:FUSED_[-135,30]_[-10,10]_[[-2,2],[-2,2]]_.png,/home/pi/Chromebook-projects/teststuff/python/opencv/angleArea/media/raw/slice/n23_z_FUSED_[-135,30]_[-10,10]_[[-2,2],[-2,2]]_.png
NON-DIR,/home/pi/Chromebook-projects/teststuff/python/opencv/angleArea/media/raw/slice/n27_z:FUSED_[-135,30]_[-10,10]_[[-10,10],[-10,10]]_.png,/home/pi/Chromebook-projects/teststuff/python/opencv/angleArea/media/raw/slice/n27_z_FUSED_[-135,30]_[-10,10]_[[-10,10],[-10,10]]_.png
NON-DIR,/home/pi/Chromebook-projects/teststuff/python/opencv/angleArea/media/raw/slice/n21_z:FUSED_[-135,30]_[-10,10]_[[-5,5],[-5,5]]_.png,/home/pi/Chromebook-projects/teststuff/python/opencv/angleArea/media/raw/slice/n21_z_FUSED_[-135,30]_[-10,10]_[[-5,5],[-5,5]]_.png
NON-DIR,/home/pi/Chromebook-projects/teststuff/python/opencv/angleArea/media/raw/slice/n31_z:200_[-135,30]_[-10,10]_[[-5,5],[-5,5]]_.png,/home/pi/Chromebook-projects/teststuff/python/opencv/angleArea/media/raw/slice/n31_z_200_[-135,30]_[-10,10]_[[-5,5],[-5,5]]_.png
NON-DIR,/home/pi/Chromebook-projects/teststuff/python/opencv/angleArea/media/raw/slice/n26_z:380_[-135,30]_[-25,25]_[[-5,5],[-5,5]]_.png,/home/pi/Chromebook-projects/teststuff/python/opencv/angleArea/media/raw/slice/n26_z_380_[-135,30]_[-25,25]_[[-5,5],[-5,5]]_.png
NON-DIR,/home/pi/Chromebook-projects/teststuff/python/opencv/angleArea/media/raw/slice/n39_z:260_[-135,30]_[-10,10]_[[-2,2],[-2,2]]_False_.png,/home/pi/Chromebook-projects/teststuff/python/opencv/angleArea/media/raw/slice/n39_z_260_[-135,30]_[-10,10]_[[-2,2],[-2,2]]_False_.png
NON-DIR,/home/pi/Chromebook-projects/teststuff/python/opencv/angleArea/media/raw/slice/n31_z:230_[-135,30]_[-10,10]_[[-5,5],[-5,5]]_.png,/home/pi/Chromebook-projects/teststuff/python/opencv/angleArea/media/raw/slice/n31_z_230_[-135,30]_[-10,10]_[[-5,5],[-5,5]]_.png
NON-DIR,/home/pi/Chromebook-projects/teststuff/python/opencv/angleArea/media/raw/slice/n26_z:310_[-135,30]_[-25,25]_[[-2,2],[-2,2]]_.png,/home/pi/Chromebook-projects/teststuff/python/opencv/angleArea/media/raw/slice/n26_z_310_[-135,30]_[-25,25]_[[-2,2],[-2,2]]_.png
NON-DIR,/home/pi/Chromebook-projects/teststuff/python/opencv/angleArea/media/raw/slice/n31_z:270_[-135,30]_[-10,10]_[[-5,5],[-5,5]]_.png,/home/pi/Chromebook-projects/teststuff/python/opencv/angleArea/media/raw/slice/n31_z_270_[-135,30]_[-10,10]_[[-5,5],[-5,5]]_.png
NON-DIR,/home/pi/Chromebook-projects/teststuff/python/opencv/angleArea/media/raw/slice/n31_z:200_[-135,30]_[-20,20]_[[-5,5],[-5,5]]_False_.png,/home/pi/Chromebook-projects/teststuff/python/opencv/angleArea/media/raw/slice/n31_z_200_[-135,30]_[-20,20]_[[-5,5],[-5,5]]_False_.png
NON-DIR,/home/pi/Chromebook-projects/teststuff/python/opencv/angleArea/media/raw/slice/n26_z:140_[-135,30]_[-25,25]_[[-5,5],[-5,5]]_.png,/home/pi/Chromebook-projects/teststuff/python/opencv/angleArea/media/raw/slice/n26_z_140_[-135,30]_[-25,25]_[[-5,5],[-5,5]]_.png
NON-DIR,/home/pi/Chromebook-projects/teststuff/python/opencv/angleArea/media/raw/slice/n39_z:190_[-135,30]_[-10,10]_[[-2,2],[-2,2]]_False_.png,/home/pi/Chromebook-projects/teststuff/python/opencv/angleArea/media/raw/slice/n39_z_190_[-135,30]_[-10,10]_[[-2,2],[-2,2]]_False_.png
NON-DIR,/home/pi/Chromebook-projects/teststuff/python/opencv/angleArea/media/raw/2ax_polyfit/polyfit_RollPitch_grid_n31_z:200_[-135,30]_[-20,20]_[[-5,5],[-5,5]]_False_.png,/home/pi/Chromebook-projects/teststuff/python/opencv/angleArea/media/raw/2ax_polyfit/polyfit_RollPitch_grid_n31_z_200_[-135,30]_[-20,20]_[[-5,5],[-5,5]]_False_.png
NON-DIR,/home/pi/Chromebook-projects/teststuff/python/opencv/angleArea/media/raw/2ax_polyfit/polyfit_RollPitch_grid_n31_z:310_[-135,30]_[0,0]_[[-5,5],[-5,5]]_False_.png,/home/pi/Chromebook-projects/teststuff/python/opencv/angleArea/media/raw/2ax_polyfit/polyfit_RollPitch_grid_n31_z_310_[-135,30]_[0,0]_[[-5,5],[-5,5]]_False_.png
NON-DIR,/home/pi/Chromebook-projects/teststuff/python/opencv/angleArea/media/raw/2ax_polyfit/polyfit_RollPitch_grid_n39_z:250_[-135,30]_[-10,10]_[[-2,2],[-2,2]]_False_.png,/home/pi/Chromebook-projects/teststuff/python/opencv/angleArea/media/raw/2ax_polyfit/polyfit_RollPitch_grid_n39_z_250_[-135,30]_[-10,10]_[[-2,2],[-2,2]]_False_.png
NON-DIR,/home/pi/Chromebook-projects/teststuff/python/opencv/angleArea/media/raw/2ax_polyfit/polyfit_RollPitch_grid_n39_z:380_[-135,30]_[-10,10]_[[-2,2],[-2,2]]_False_.png,/home/pi/Chromebook-projects/teststuff/python/opencv/angleArea/media/raw/2ax_polyfit/polyfit_RollPitch_grid_n39_z_380_[-135,30]_[-10,10]_[[-2,2],[-2,2]]_False_.png
NON-DIR,/home/pi/Chromebook-projects/teststuff/python/opencv/angleArea/media/raw/2ax_polyfit/polyfit_RollPitch_grid_n31_z:280_[-135,30]_[-10,10]_[[-5,5],[-5,5]]_.png,/home/pi/Chromebook-projects/teststuff/python/opencv/angleArea/media/raw/2ax_polyfit/polyfit_RollPitch_grid_n31_z_280_[-135,30]_[-10,10]_[[-5,5],[-5,5]]_.png
NON-DIR,/home/pi/Chromebook-projects/teststuff/python/opencv/angleArea/media/raw/2ax_polyfit/polyfit_RollPitch_grid_n35_z:FUSED_[-135,30]_[-10,10]_[[-5,5],[-5,5]]_True_.png,/home/pi/Chromebook-projects/teststuff/python/opencv/angleArea/media/raw/2ax_polyfit/polyfit_RollPitch_grid_n35_z_FUSED_[-135,30]_[-10,10]_[[-5,5],[-5,5]]_True_.png
NON-DIR,/home/pi/Chromebook-projects/teststuff/python/opencv/angleArea/media/raw/2ax_polyfit/polyfit_RollPitch_grid_n26_z:220_[-135,30]_[-50,50]_[[-5,5],[-5,5]]_.png,/home/pi/Chromebook-projects/teststuff/python/opencv/angleArea/media/raw/2ax_polyfit/polyfit_RollPitch_grid_n26_z_220_[-135,30]_[-50,50]_[[-5,5],[-5,5]]_.png
NON-DIR,/home/pi/Chromebook-projects/teststuff/python/opencv/angleArea/media/raw/2ax_polyfit/polyfit_RollPitch_grid_n26_z:240_[-135,30]_[-50,50]_[[-5,5],[-5,5]]_.png,/home/pi/Chromebook-projects/teststuff/python/opencv/angleArea/media/raw/2ax_polyfit/polyfit_RollPitch_grid_n26_z_240_[-135,30]_[-50,50]_[[-5,5],[-5,5]]_.png
NON-DIR,/home/pi/Chromebook-projects/teststuff/python/opencv/angleArea/media/raw/2ax_polyfit/polyfit_RollPitch_grid_n31_z:140_[-135,30]_[-10,10]_[[-5,5],[-5,5]]_.png,/home/pi/Chromebook-projects/teststuff/python/opencv/angleArea/media/raw/2ax_polyfit/polyfit_RollPitch_grid_n31_z_140_[-135,30]_[-10,10]_[[-5,5],[-5,5]]_.png
NON-DIR,/home/pi/Chromebook-projects/teststuff/python/opencv/angleArea/media/raw/2ax_polyfit/polyfit_RollPitch_grid_n25_z:FUSED_[-135,30]_[-10,10]_[[-5,5],[-5,5]]_.png,/home/pi/Chromebook-projects/teststuff/python/opencv/angleArea/media/raw/2ax_polyfit/polyfit_RollPitch_grid_n25_z_FUSED_[-135,30]_[-10,10]_[[-5,5],[-5,5]]_.png
NON-DIR,/home/pi/Chromebook-projects/teststuff/python/opencv/angleArea/media/raw/2ax_polyfit/polyfit_RollPitch_grid_n31_z:310_[-135,30]_[-10,10]_[[-5,5],[-5,5]]_False_.png,/home/pi/Chromebook-projects/teststuff/python/opencv/angleArea/media/raw/2ax_polyfit/polyfit_RollPitch_grid_n31_z_310_[-135,30]_[-10,10]_[[-5,5],[-5,5]]_False_.png
NON-DIR,/home/pi/Chromebook-projects/teststuff/python/opencv/angleArea/media/raw/2ax_polyfit/polyfit_RollPitch_grid_n31_z:310_[-135,30]_[0,0]_[[-5,5],[-5,5]]_.png,/home/pi/Chromebook-projects/teststuff/python/opencv/angleArea/media/raw/2ax_polyfit/polyfit_RollPitch_grid_n31_z_310_[-135,30]_[0,0]_[[-5,5],[-5,5]]_.png
NON-DIR,/home/pi/Chromebook-projects/teststuff/python/opencv/angleArea/media/raw/2ax_polyfit/polyfit_RollPitch_grid_n27_z:FUSED_[-135,30]_[-2,2]_[[-5,5],[-5,5]]_.png,/home/pi/Chromebook-projects/teststuff/python/opencv/angleArea/media/raw/2ax_polyfit/polyfit_RollPitch_grid_n27_z_FUSED_[-135,30]_[-2,2]_[[-5,5],[-5,5]]_.png
NON-DIR,/home/pi/Chromebook-projects/teststuff/python/opencv/angleArea/media/raw/2ax_polyfit/polyfit_RollPitch_grid_n39_z:410_[-135,30]_[-10,10]_[[-2,2],[-2,2]]_False_.png,/home/pi/Chromebook-projects/teststuff/python/opencv/angleArea/media/raw/2ax_polyfit/polyfit_RollPitch_grid_n39_z_410_[-135,30]_[-10,10]_[[-2,2],[-2,2]]_False_.png
NON-DIR,/home/pi/Chromebook-projects/teststuff/python/opencv/angleArea/media/raw/2ax_polyfit/polyfit_RollPitch_grid_n24_z:FUSED_[-135,30]_[-10,10]_[[-10,10],[-10,10]]_.png,/home/pi/Chromebook-projects/teststuff/python/opencv/angleArea/media/raw/2ax_polyfit/polyfit_RollPitch_grid_n24_z_FUSED_[-135,30]_[-10,10]_[[-10,10],[-10,10]]_.png
NON-DIR,/home/pi/Chromebook-projects/teststuff/python/opencv/angleArea/media/raw/2ax_polyfit/polyfit_RollPitch_grid_n31_z:310_[-135,30]_[-10,10]_[[-5,5],[-5,5]]_True_.png,/home/pi/Chromebook-projects/teststuff/python/opencv/angleArea/media/raw/2ax_polyfit/polyfit_RollPitch_grid_n31_z_310_[-135,30]_[-10,10]_[[-5,5],[-5,5]]_True_.png
NON-DIR,/home/pi/Chromebook-projects/teststuff/python/opencv/angleArea/media/raw/2ax_polyfit/polyfit_RollPitch_grid_n39_z:150_[-135,30]_[-10,10]_[[-2,2],[-2,2]]_False_.png,/home/pi/Chromebook-projects/teststuff/python/opencv/angleArea/media/raw/2ax_polyfit/polyfit_RollPitch_grid_n39_z_150_[-135,30]_[-10,10]_[[-2,2],[-2,2]]_False_.png
NON-DIR,/home/pi/Chromebook-projects/teststuff/python/opencv/angleArea/media/raw/2ax_polyfit/polyfit_RollPitch_grid_n26_z:300_[-135,30]_[-25,25]_[[-5,5],[-5,5]]_.png,/home/pi/Chromebook-projects/teststuff/python/opencv/angleArea/media/raw/2ax_polyfit/polyfit_RollPitch_grid_n26_z_300_[-135,30]_[-25,25]_[[-5,5],[-5,5]]_.png
NON-DIR,/home/pi/Chromebook-projects/teststuff/python/opencv/angleArea/media/raw/2ax_polyfit/polyfit_RollPitch_grid_n39_z:300_[-135,30]_[-10,10]_[[-2,2],[-2,2]]_False_.png,/home/pi/Chromebook-projects/teststuff/python/opencv/angleArea/media/raw/2ax_polyfit/polyfit_RollPitch_grid_n39_z_300_[-135,30]_[-10,10]_[[-2,2],[-2,2]]_False_.png
NON-DIR,/home/pi/Chromebook-projects/teststuff/python/opencv/angleArea/media/raw/2ax_polyfit/polyfit_RollPitch_grid_n26_z:180_[-135,30]_[-25,25]_[[-5,5],[-5,5]]_.png,/home/pi/Chromebook-projects/teststuff/python/opencv/angleArea/media/raw/2ax_polyfit/polyfit_RollPitch_grid_n26_z_180_[-135,30]_[-25,25]_[[-5,5],[-5,5]]_.png
NON-DIR,/home/pi/Chromebook-projects/teststuff/python/opencv/angleArea/media/raw/2ax_polyfit/polyfit_RollPitch_grid_n26_z:180_[-135,30]_[-50,50]_[[-5,5],[-5,5]]_.png,/home/pi/Chromebook-projects/teststuff/python/opencv/angleArea/media/raw/2ax_polyfit/polyfit_RollPitch_grid_n26_z_180_[-135,30]_[-50,50]_[[-5,5],[-5,5]]_.png
NON-DIR,/home/pi/Chromebook-projects/teststuff/python/opencv/angleArea/media/raw/2ax_polyfit/polyfit_RollPitch_grid_n26_z:160_[-135,30]_[-25,25]_[[-5,5],[-5,5]]_.png,/home/pi/Chromebook-projects/teststuff/python/opencv/angleArea/media/raw/2ax_polyfit/polyfit_RollPitch_grid_n26_z_160_[-135,30]_[-25,25]_[[-5,5],[-5,5]]_.png
NON-DIR,/home/pi/Chromebook-projects/teststuff/python/opencv/angleArea/media/raw/2ax_polyfit/polyfit_RollPitch_grid_n26_z:140_[-135,30]_[-25,25]_[[-5,5],[-5,5]]_.png,/home/pi/Chromebook-projects/teststuff/python/opencv/angleArea/media/raw/2ax_polyfit/polyfit_RollPitch_grid_n26_z_140_[-135,30]_[-25,25]_[[-5,5],[-5,5]]_.png
NON-DIR,/home/pi/Chromebook-projects/teststuff/python/opencv/angleArea/media/raw/2ax_polyfit/polyfit_RollPitch_grid_n39_z:100_[-135,30]_[-10,10]_[[-2,2],[-2,2]]_False_.png,/home/pi/Chromebook-projects/teststuff/python/opencv/angleArea/media/raw/2ax_polyfit/polyfit_RollPitch_grid_n39_z_100_[-135,30]_[-10,10]_[[-2,2],[-2,2]]_False_.png
NON-DIR,/home/pi/Chromebook-projects/teststuff/python/opencv/angleArea/media/raw/2ax_polyfit/polyfit_RollPitch_grid_n31_z:230_[-135,30]_[-10,10]_[[-5,5],[-5,5]]_.png,/home/pi/Chromebook-projects/teststuff/python/opencv/angleArea/media/raw/2ax_polyfit/polyfit_RollPitch_grid_n31_z_230_[-135,30]_[-10,10]_[[-5,5],[-5,5]]_.png
NON-DIR,/home/pi/Chromebook-projects/teststuff/python/opencv/angleArea/media/raw/2ax_polyfit/polyfit_RollPitch_grid_n26_z:150_[-135,30]_[-50,50]_[[-5,5],[-5,5]]_.png,/home/pi/Chromebook-projects/teststuff/python/opencv/angleArea/media/raw/2ax_polyfit/polyfit_RollPitch_grid_n26_z_150_[-135,30]_[-50,50]_[[-5,5],[-5,5]]_.png
NON-DIR,/home/pi/Chromebook-projects/teststuff/python/opencv/angleArea/media/raw/2ax_polyfit/polyfit_RollPitch_grid_n26_z:310_[-135,30]_[-5,5]_[[-2,2],[-2,2]]_.png,/home/pi/Chromebook-projects/teststuff/python/opencv/angleArea/media/raw/2ax_polyfit/polyfit_RollPitch_grid_n26_z_310_[-135,30]_[-5,5]_[[-2,2],[-2,2]]_.png
NON-DIR,/home/pi/Chromebook-projects/teststuff/python/opencv/angleArea/media/raw/2ax_polyfit/polyfit_RollPitch_grid_n26_z:200_[-135,30]_[-10,10]_[[-5,5],[-5,5]]_.png,/home/pi/Chromebook-projects/teststuff/python/opencv/angleArea/media/raw/2ax_polyfit/polyfit_RollPitch_grid_n26_z_200_[-135,30]_[-10,10]_[[-5,5],[-5,5]]_.png
NON-DIR,/home/pi/Chromebook-projects/teststuff/python/opencv/angleArea/media/raw/2ax_polyfit/polyfit_RollPitch_grid_n39_z:120_[-135,30]_[-10,10]_[[-2,2],[-2,2]]_False_.png,/home/pi/Chromebook-projects/teststuff/python/opencv/angleArea/media/raw/2ax_polyfit/polyfit_RollPitch_grid_n39_z_120_[-135,30]_[-10,10]_[[-2,2],[-2,2]]_False_.png
NON-DIR,/home/pi/Chromebook-projects/teststuff/python/opencv/angleArea/media/raw/2ax_polyfit/polyfit_RollPitch_grid_n31_z:180_[-135,30]_[-10,10]_[[-5,5],[-5,5]]_.png,/home/pi/Chromebook-projects/teststuff/python/opencv/angleArea/media/raw/2ax_polyfit/polyfit_RollPitch_grid_n31_z_180_[-135,30]_[-10,10]_[[-5,5],[-5,5]]_.png
NON-DIR,/home/pi/Chromebook-projects/teststuff/python/opencv/angleArea/media/raw/2ax_polyfit/polyfit_RollPitch_grid_n31_z:240_[-135,30]_[-10,10]_[[-5,5],[-5,5]]_.png,/home/pi/Chromebook-projects/teststuff/python/opencv/angleArea/media/raw/2ax_polyfit/polyfit_RollPitch_grid_n31_z_240_[-135,30]_[-10,10]_[[-5,5],[-5,5]]_.png
NON-DIR,/home/pi/Chromebook-projects/teststuff/python/opencv/angleArea/media/raw/2ax_polyfit/polyfit_RollPitch_grid_n26_z:380_[-135,30]_[-25,25]_[[-5,5],[-5,5]]_.png,/home/pi/Chromebook-projects/teststuff/python/opencv/angleArea/media/raw/2ax_polyfit/polyfit_RollPitch_grid_n26_z_380_[-135,30]_[-25,25]_[[-5,5],[-5,5]]_.png
NON-DIR,/home/pi/Chromebook-projects/teststuff/python/opencv/angleArea/media/raw/2ax_polyfit/polyfit_RollPitch_grid_n29_z:FUSED_[-135,30]_[-10,10]_[[-5,5],[-5,5]]_.png,/home/pi/Chromebook-projects/teststuff/python/opencv/angleArea/media/raw/2ax_polyfit/polyfit_RollPitch_grid_n29_z_FUSED_[-135,30]_[-10,10]_[[-5,5],[-5,5]]_.png
NON-DIR,/home/pi/Chromebook-projects/teststuff/python/opencv/angleArea/media/raw/2ax_polyfit/polyfit_RollPitch_grid_n39_z:310_[-135,30]_[-10,10]_[[-2,2],[-2,2]]_False_.png,/home/pi/Chromebook-projects/teststuff/python/opencv/angleArea/media/raw/2ax_polyfit/polyfit_RollPitch_grid_n39_z_310_[-135,30]_[-10,10]_[[-2,2],[-2,2]]_False_.png
NON-DIR,/home/pi/Chromebook-projects/teststuff/python/opencv/angleArea/media/raw/2ax_polyfit/polyfit_RollPitch_grid_n34_z:FUSED_[-135,30]_[-10,10]_[[-5,5],[-5,5]]_True_.png,/home/pi/Chromebook-projects/teststuff/python/opencv/angleArea/media/raw/2ax_polyfit/polyfit_RollPitch_grid_n34_z_FUSED_[-135,30]_[-10,10]_[[-5,5],[-5,5]]_True_.png
NON-DIR,/home/pi/Chromebook-projects/teststuff/python/opencv/angleArea/media/raw/2ax_polyfit/polyfit_RollPitch_grid_n39_z:340_[-135,30]_[-10,10]_[[-2,2],[-2,2]]_False_.png,/home/pi/Chromebook-projects/teststuff/python/opencv/angleArea/media/raw/2ax_polyfit/polyfit_RollPitch_grid_n39_z_340_[-135,30]_[-10,10]_[[-2,2],[-2,2]]_False_.png
NON-DIR,/home/pi/Chromebook-projects/teststuff/python/opencv/angleArea/media/raw/2ax_polyfit/polyfit_RollPitch_grid_n39_z:350_[-135,30]_[-10,10]_[[-2,2],[-2,2]]_False_.png,/home/pi/Chromebook-projects/teststuff/python/opencv/angleArea/media/raw/2ax_polyfit/polyfit_RollPitch_grid_n39_z_350_[-135,30]_[-10,10]_[[-2,2],[-2,2]]_False_.png
NON-DIR,/home/pi/Chromebook-projects/teststuff/python/opencv/angleArea/media/raw/2ax_polyfit/polyfit_RollPitch_grid_n26_z:310_[-135,30]_[-10,10]_[[-2,2],[-2,2]]_.png,/home/pi/Chromebook-projects/teststuff/python/opencv/angleArea/media/raw/2ax_polyfit/polyfit_RollPitch_grid_n26_z_310_[-135,30]_[-10,10]_[[-2,2],[-2,2]]_.png
NON-DIR,/home/pi/Chromebook-projects/teststuff/python/opencv/angleArea/media/raw/2ax_polyfit/polyfit_RollPitch_grid_n26_z:420_[-135,30]_[-25,25]_[[-5,5],[-5,5]]_.png,/home/pi/Chromebook-projects/teststuff/python/opencv/angleArea/media/raw/2ax_polyfit/polyfit_RollPitch_grid_n26_z_420_[-135,30]_[-25,25]_[[-5,5],[-5,5]]_.png
NON-DIR,/home/pi/Chromebook-projects/teststuff/python/opencv/angleArea/media/raw/2ax_polyfit/polyfit_RollPitch_grid_n39_z:200_[-135,30]_[-10,10]_[[-2,2],[-2,2]]_False_.png,/home/pi/Chromebook-projects/teststuff/python/opencv/angleArea/media/raw/2ax_polyfit/polyfit_RollPitch_grid_n39_z_200_[-135,30]_[-10,10]_[[-2,2],[-2,2]]_False_.png
NON-DIR,/home/pi/Chromebook-projects/teststuff/python/opencv/angleArea/media/raw/2ax_polyfit/polyfit_RollPitch_grid_n31_z:210_[-135,30]_[-10,10]_[[-5,5],[-5,5]]_.png,/home/pi/Chromebook-projects/teststuff/python/opencv/angleArea/media/raw/2ax_polyfit/polyfit_RollPitch_grid_n31_z_210_[-135,30]_[-10,10]_[[-5,5],[-5,5]]_.png
NON-DIR,/home/pi/Chromebook-projects/teststuff/python/opencv/angleArea/media/raw/2ax_polyfit/polyfit_RollPitch_grid_n27_z:FUSED_[-135,30]_[-10,10]_[[-5,5],[-5,5]]_.png,/home/pi/Chromebook-projects/teststuff/python/opencv/angleArea/media/raw/2ax_polyfit/polyfit_RollPitch_grid_n27_z_FUSED_[-135,30]_[-10,10]_[[-5,5],[-5,5]]_.png
NON-DIR,/home/pi/Chromebook-projects/teststuff/python/opencv/angleArea/media/raw/2ax_polyfit/polyfit_RollPitch_grid_n39_z:130_[-135,30]_[-10,10]_[[-2,2],[-2,2]]_False_.png,/home/pi/Chromebook-projects/teststuff/python/opencv/angleArea/media/raw/2ax_polyfit/polyfit_RollPitch_grid_n39_z_130_[-135,30]_[-10,10]_[[-2,2],[-2,2]]_False_.png
NON-DIR,/home/pi/Chromebook-projects/teststuff/python/opencv/angleArea/media/raw/2ax_polyfit/polyfit_RollPitch_grid_n26_z:310_[-135,30]_[0,0]_[[-2,2],[-2,2]]_.png,/home/pi/Chromebook-projects/teststuff/python/opencv/angleArea/media/raw/2ax_polyfit/polyfit_RollPitch_grid_n26_z_310_[-135,30]_[0,0]_[[-2,2],[-2,2]]_.png
NON-DIR,/home/pi/Chromebook-projects/teststuff/python/opencv/angleArea/media/raw/2ax_polyfit/polyfit_RollPitch_grid_n37_z:FUSED_[-135,30]_[-10,10]_[[-5,5],[-5,5]]_True_.png,/home/pi/Chromebook-projects/teststuff/python/opencv/angleArea/media/raw/2ax_polyfit/polyfit_RollPitch_grid_n37_z_FUSED_[-135,30]_[-10,10]_[[-5,5],[-5,5]]_True_.png
NON-DIR,/home/pi/Chromebook-projects/teststuff/python/opencv/angleArea/media/raw/2ax_polyfit/polyfit_RollPitch_grid_n31_z:310_[-135,30]_[-5,5]_[[-5,5],[-5,5]]_.png,/home/pi/Chromebook-projects/teststuff/python/opencv/angleArea/media/raw/2ax_polyfit/polyfit_RollPitch_grid_n31_z_310_[-135,30]_[-5,5]_[[-5,5],[-5,5]]_.png
NON-DIR,/home/pi/Chromebook-projects/teststuff/python/opencv/angleArea/media/raw/2ax_polyfit/polyfit_RollPitch_grid_n39_z:280_[-135,30]_[-10,10]_[[-2,2],[-2,2]]_False_.png,/home/pi/Chromebook-projects/teststuff/python/opencv/angleArea/media/raw/2ax_polyfit/polyfit_RollPitch_grid_n39_z_280_[-135,30]_[-10,10]_[[-2,2],[-2,2]]_False_.png
NON-DIR,/home/pi/Chromebook-projects/teststuff/python/opencv/angleArea/media/raw/2ax_polyfit/polyfit_RollPitch_grid_n33_z:FUSED_[-135,30]_[-10,10]_[[-5,5],[-5,5]]_True_.png,/home/pi/Chromebook-projects/teststuff/python/opencv/angleArea/media/raw/2ax_polyfit/polyfit_RollPitch_grid_n33_z_FUSED_[-135,30]_[-10,10]_[[-5,5],[-5,5]]_True_.png
NON-DIR,/home/pi/Chromebook-projects/teststuff/python/opencv/angleArea/media/raw/2ax_polyfit/polyfit_RollPitch_grid_n39_z:240_[-135,30]_[-10,10]_[[-2,2],[-2,2]]_False_.png,/home/pi/Chromebook-projects/teststuff/python/opencv/angleArea/media/raw/2ax_polyfit/polyfit_RollPitch_grid_n39_z_240_[-135,30]_[-10,10]_[[-2,2],[-2,2]]_False_.png
NON-DIR,/home/pi/Chromebook-projects/teststuff/python/opencv/angleArea/media/raw/2ax_polyfit/polyfit_RollPitch_grid_n22_z:FUSED_[-135,30]_[-10,10]_[[-2,2],[-2,2]]_.png,/home/pi/Chromebook-projects/teststuff/python/opencv/angleArea/media/raw/2ax_polyfit/polyfit_RollPitch_grid_n22_z_FUSED_[-135,30]_[-10,10]_[[-2,2],[-2,2]]_.png
NON-DIR,/home/pi/Chromebook-projects/teststuff/python/opencv/angleArea/media/raw/2ax_polyfit/polyfit_RollPitch_grid_n39_z:90_[-135,30]_[-10,10]_[[-5,5],[-5,5]]_False_.png,/home/pi/Chromebook-projects/teststuff/python/opencv/angleArea/media/raw/2ax_polyfit/polyfit_RollPitch_grid_n39_z_90_[-135,30]_[-10,10]_[[-5,5],[-5,5]]_False_.png
NON-DIR,/home/pi/Chromebook-projects/teststuff/python/opencv/angleArea/media/raw/2ax_polyfit/polyfit_RollPitch_grid_n26_z:310_[-135,30]_[-20,20]_[[-2,2],[-2,2]]_.png,/home/pi/Chromebook-projects/teststuff/python/opencv/angleArea/media/raw/2ax_polyfit/polyfit_RollPitch_grid_n26_z_310_[-135,30]_[-20,20]_[[-2,2],[-2,2]]_.png
NON-DIR,/home/pi/Chromebook-projects/teststuff/python/opencv/angleArea/media/raw/2ax_polyfit/polyfit_RollPitch_grid_n26_z:320_[-135,30]_[-50,50]_[[-5,5],[-5,5]]_.png,/home/pi/Chromebook-projects/teststuff/python/opencv/angleArea/media/raw/2ax_polyfit/polyfit_RollPitch_grid_n26_z_320_[-135,30]_[-50,50]_[[-5,5],[-5,5]]_.png
NON-DIR,/home/pi/Chromebook-projects/teststuff/python/opencv/angleArea/media/raw/2ax_polyfit/polyfit_RollPitch_grid_n2_z:180_[-135,30]_[-25,25]_[[-5,5],[-5,5]]_.png,/home/pi/Chromebook-projects/teststuff/python/opencv/angleArea/media/raw/2ax_polyfit/polyfit_RollPitch_grid_n2_z_180_[-135,30]_[-25,25]_[[-5,5],[-5,5]]_.png
NON-DIR,/home/pi/Chromebook-projects/teststuff/python/opencv/angleArea/media/raw/2ax_polyfit/polyfit_RollPitch_grid_n31_z:200_[-135,30]_[-10,10]_[[-5,5],[-5,5]]_.png,/home/pi/Chromebook-projects/teststuff/python/opencv/angleArea/media/raw/2ax_polyfit/polyfit_RollPitch_grid_n31_z_200_[-135,30]_[-10,10]_[[-5,5],[-5,5]]_.png
NON-DIR,/home/pi/Chromebook-projects/teststuff/python/opencv/angleArea/media/raw/2ax_polyfit/polyfit_RollPitch_grid_n39_z:330_[-135,30]_[-10,10]_[[-2,2],[-2,2]]_False_.png,/home/pi/Chromebook-projects/teststuff/python/opencv/angleArea/media/raw/2ax_polyfit/polyfit_RollPitch_grid_n39_z_330_[-135,30]_[-10,10]_[[-2,2],[-2,2]]_False_.png
NON-DIR,/home/pi/Chromebook-projects/teststuff/python/opencv/angleArea/media/raw/2ax_polyfit/polyfit_RollPitch_grid_n39_z:290_[-135,30]_[-10,10]_[[-2,2],[-2,2]]_False_.png,/home/pi/Chromebook-projects/teststuff/python/opencv/angleArea/media/raw/2ax_polyfit/polyfit_RollPitch_grid_n39_z_290_[-135,30]_[-10,10]_[[-2,2],[-2,2]]_False_.png
NON-DIR,/home/pi/Chromebook-projects/teststuff/python/opencv/angleArea/media/raw/2ax_polyfit/polyfit_RollPitch_grid_n26_z:310_[-135,30]_[-25,25]_[[-2,2],[-2,2]]_.png,/home/pi/Chromebook-projects/teststuff/python/opencv/angleArea/media/raw/2ax_polyfit/polyfit_RollPitch_grid_n26_z_310_[-135,30]_[-25,25]_[[-2,2],[-2,2]]_.png
NON-DIR,/home/pi/Chromebook-projects/teststuff/python/opencv/angleArea/media/raw/2ax_polyfit/polyfit_RollPitch_grid_n24_z:FUSED_[-135,30]_[-10,10]_[[-5,5],[-5,5]]_.png,/home/pi/Chromebook-projects/teststuff/python/opencv/angleArea/media/raw/2ax_polyfit/polyfit_RollPitch_grid_n24_z_FUSED_[-135,30]_[-10,10]_[[-5,5],[-5,5]]_.png
NON-DIR,/home/pi/Chromebook-projects/teststuff/python/opencv/angleArea/media/raw/2ax_polyfit/polyfit_RollPitch_grid_n26_z:200_[-135,30]_[-50,50]_[[-5,5],[-5,5]]_.png,/home/pi/Chromebook-projects/teststuff/python/opencv/angleArea/media/raw/2ax_polyfit/polyfit_RollPitch_grid_n26_z_200_[-135,30]_[-50,50]_[[-5,5],[-5,5]]_.png
NON-DIR,/home/pi/Chromebook-projects/teststuff/python/opencv/angleArea/media/raw/2ax_polyfit/polyfit_RollPitch_grid_n31_z:220_[-135,30]_[-10,10]_[[-5,5],[-5,5]]_.png,/home/pi/Chromebook-projects/teststuff/python/opencv/angleArea/media/raw/2ax_polyfit/polyfit_RollPitch_grid_n31_z_220_[-135,30]_[-10,10]_[[-5,5],[-5,5]]_.png
NON-DIR,/home/pi/Chromebook-projects/teststuff/python/opencv/angleArea/media/raw/2ax_polyfit/polyfit_RollPitch_grid_n26_z:340_[-135,30]_[-25,25]_[[-5,5],[-5,5]]_.png,/home/pi/Chromebook-projects/teststuff/python/opencv/angleArea/media/raw/2ax_polyfit/polyfit_RollPitch_grid_n26_z_340_[-135,30]_[-25,25]_[[-5,5],[-5,5]]_.png
NON-DIR,/home/pi/Chromebook-projects/teststuff/python/opencv/angleArea/media/raw/2ax_polyfit/polyfit_RollPitch_grid_n39_z:180_[-135,30]_[-10,10]_[[-2,2],[-2,2]]_False_.png,/home/pi/Chromebook-projects/teststuff/python/opencv/angleArea/media/raw/2ax_polyfit/polyfit_RollPitch_grid_n39_z_180_[-135,30]_[-10,10]_[[-2,2],[-2,2]]_False_.png
NON-DIR,/home/pi/Chromebook-projects/teststuff/python/opencv/angleArea/media/raw/2ax_polyfit/polyfit_RollPitch_grid_n36_z:FUSED_[-135,30]_[-10,10]_[[-5,5],[-5,5]]_True_.png,/home/pi/Chromebook-projects/teststuff/python/opencv/angleArea/media/raw/2ax_polyfit/polyfit_RollPitch_grid_n36_z_FUSED_[-135,30]_[-10,10]_[[-5,5],[-5,5]]_True_.png
NON-DIR,/home/pi/Chromebook-projects/teststuff/python/opencv/angleArea/media/raw/2ax_polyfit/polyfit_RollPitch_grid_n39_z:140_[-135,30]_[-10,10]_[[-2,2],[-2,2]]_False_.png,/home/pi/Chromebook-projects/teststuff/python/opencv/angleArea/media/raw/2ax_polyfit/polyfit_RollPitch_grid_n39_z_140_[-135,30]_[-10,10]_[[-2,2],[-2,2]]_False_.png
NON-DIR,/home/pi/Chromebook-projects/teststuff/python/opencv/angleArea/media/raw/2ax_polyfit/polyfit_RollPitch_grid_n26_z:120_[-135,30]_[-25,25]_[[-5,5],[-5,5]]_.png,/home/pi/Chromebook-projects/teststuff/python/opencv/angleArea/media/raw/2ax_polyfit/polyfit_RollPitch_grid_n26_z_120_[-135,30]_[-25,25]_[[-5,5],[-5,5]]_.png
NON-DIR,/home/pi/Chromebook-projects/teststuff/python/opencv/angleArea/media/raw/2ax_polyfit/polyfit_RollPitch_grid_n38_z:FUSED_[-135,30]_[-10,10]_[[-5,5],[-5,5]]_True_.png,/home/pi/Chromebook-projects/teststuff/python/opencv/angleArea/media/raw/2ax_polyfit/polyfit_RollPitch_grid_n38_z_FUSED_[-135,30]_[-10,10]_[[-5,5],[-5,5]]_True_.png
NON-DIR,/home/pi/Chromebook-projects/teststuff/python/opencv/angleArea/media/raw/2ax_polyfit/polyfit_RollPitch_grid_n21_z:FUSED_[-135,30]_[-10,10]_[[-5,5],[-5,5]]_.png,/home/pi/Chromebook-projects/teststuff/python/opencv/angleArea/media/raw/2ax_polyfit/polyfit_RollPitch_grid_n21_z_FUSED_[-135,30]_[-10,10]_[[-5,5],[-5,5]]_.png
NON-DIR,/home/pi/Chromebook-projects/teststuff/python/opencv/angleArea/media/raw/2ax_polyfit/polyfit_RollPitch_grid_n39_z:360_[-135,30]_[-10,10]_[[-2,2],[-2,2]]_False_.png,/home/pi/Chromebook-projects/teststuff/python/opencv/angleArea/media/raw/2ax_polyfit/polyfit_RollPitch_grid_n39_z_360_[-135,30]_[-10,10]_[[-2,2],[-2,2]]_False_.png
NON-DIR,/home/pi/Chromebook-projects/teststuff/python/opencv/angleArea/media/raw/2ax_polyfit/polyfit_RollPitch_grid_n26_z:360_[-135,30]_[-25,25]_[[-5,5],[-5,5]]_.png,/home/pi/Chromebook-projects/teststuff/python/opencv/angleArea/media/raw/2ax_polyfit/polyfit_RollPitch_grid_n26_z_360_[-135,30]_[-25,25]_[[-5,5],[-5,5]]_.png
NON-DIR,/home/pi/Chromebook-projects/teststuff/python/opencv/angleArea/media/raw/2ax_polyfit/polyfit_RollPitch_grid_n39_z:210_[-135,30]_[-10,10]_[[-2,2],[-2,2]]_False_.png,/home/pi/Chromebook-projects/teststuff/python/opencv/angleArea/media/raw/2ax_polyfit/polyfit_RollPitch_grid_n39_z_210_[-135,30]_[-10,10]_[[-2,2],[-2,2]]_False_.png
NON-DIR,/home/pi/Chromebook-projects/teststuff/python/opencv/angleArea/media/raw/2ax_polyfit/polyfit_RollPitch_grid_n39_z:260_[-135,30]_[-10,10]_[[-2,2],[-2,2]]_False_.png,/home/pi/Chromebook-projects/teststuff/python/opencv/angleArea/media/raw/2ax_polyfit/polyfit_RollPitch_grid_n39_z_260_[-135,30]_[-10,10]_[[-2,2],[-2,2]]_False_.png
NON-DIR,/home/pi/Chromebook-projects/teststuff/python/opencv/angleArea/media/raw/2ax_polyfit/polyfit_RollPitch_grid_n39_z:220_[-135,30]_[-10,10]_[[-2,2],[-2,2]]_False_.png,/home/pi/Chromebook-projects/teststuff/python/opencv/angleArea/media/raw/2ax_polyfit/polyfit_RollPitch_grid_n39_z_220_[-135,30]_[-10,10]_[[-2,2],[-2,2]]_False_.png
NON-DIR,/home/pi/Chromebook-projects/teststuff/python/opencv/angleArea/media/raw/2ax_polyfit/polyfit_RollPitch_grid_n31_z:310_[-135,30]_[0,0]_[[-5,5],[-5,5]]_True_.png,/home/pi/Chromebook-projects/teststuff/python/opencv/angleArea/media/raw/2ax_polyfit/polyfit_RollPitch_grid_n31_z_310_[-135,30]_[0,0]_[[-5,5],[-5,5]]_True_.png
NON-DIR,/home/pi/Chromebook-projects/teststuff/python/opencv/angleArea/media/raw/2ax_polyfit/polyfit_RollPitch_grid_n26_z:260_[-135,30]_[-50,50]_[[-5,5],[-5,5]]_.png,/home/pi/Chromebook-projects/teststuff/python/opencv/angleArea/media/raw/2ax_polyfit/polyfit_RollPitch_grid_n26_z_260_[-135,30]_[-50,50]_[[-5,5],[-5,5]]_.png
NON-DIR,/home/pi/Chromebook-projects/teststuff/python/opencv/angleArea/media/raw/2ax_polyfit/polyfit_RollPitch_grid_n26_z:400_[-135,30]_[-25,25]_[[-5,5],[-5,5]]_.png,/home/pi/Chromebook-projects/teststuff/python/opencv/angleArea/media/raw/2ax_polyfit/polyfit_RollPitch_grid_n26_z_400_[-135,30]_[-25,25]_[[-5,5],[-5,5]]_.png
NON-DIR,/home/pi/Chromebook-projects/teststuff/python/opencv/angleArea/media/raw/2ax_polyfit/polyfit_RollPitch_grid_n26_z:100_[-135,30]_[-50,50]_[[-5,5],[-5,5]]_.png,/home/pi/Chromebook-projects/teststuff/python/opencv/angleArea/media/raw/2ax_polyfit/polyfit_RollPitch_grid_n26_z_100_[-135,30]_[-50,50]_[[-5,5],[-5,5]]_.png
NON-DIR,/home/pi/Chromebook-projects/teststuff/python/opencv/angleArea/media/raw/2ax_polyfit/polyfit_RollPitch_grid_n39_z:170_[-135,30]_[-10,10]_[[-2,2],[-2,2]]_False_.png,/home/pi/Chromebook-projects/teststuff/python/opencv/angleArea/media/raw/2ax_polyfit/polyfit_RollPitch_grid_n39_z_170_[-135,30]_[-10,10]_[[-2,2],[-2,2]]_False_.png
NON-DIR,/home/pi/Chromebook-projects/teststuff/python/opencv/angleArea/media/raw/2ax_polyfit/polyfit_RollPitch_grid_n26_z:280_[-135,30]_[-50,50]_[[-5,5],[-5,5]]_.png,/home/pi/Chromebook-projects/teststuff/python/opencv/angleArea/media/raw/2ax_polyfit/polyfit_RollPitch_grid_n26_z_280_[-135,30]_[-50,50]_[[-5,5],[-5,5]]_.png
NON-DIR,/home/pi/Chromebook-projects/teststuff/python/opencv/angleArea/media/raw/2ax_polyfit/polyfit_RollPitch_grid_n31_z:150_[-135,30]_[-10,10]_[[-5,5],[-5,5]]_.png,/home/pi/Chromebook-projects/teststuff/python/opencv/angleArea/media/raw/2ax_polyfit/polyfit_RollPitch_grid_n31_z_150_[-135,30]_[-10,10]_[[-5,5],[-5,5]]_.png
NON-DIR,/home/pi/Chromebook-projects/teststuff/python/opencv/angleArea/media/raw/2ax_polyfit/polyfit_RollPitch_grid_n31_z:310_[-135,30]_[-10,10]_[[-5,5],[-5,5]]_.png,/home/pi/Chromebook-projects/teststuff/python/opencv/angleArea/media/raw/2ax_polyfit/polyfit_RollPitch_grid_n31_z_310_[-135,30]_[-10,10]_[[-5,5],[-5,5]]_.png
NON-DIR,/home/pi/Chromebook-projects/teststuff/python/opencv/angleArea/media/raw/2ax_polyfit/polyfit_RollPitch_grid_n20_z:FUSED_[-135,30]_[-10,10]_[[-5,5],[-5,5]]_.png,/home/pi/Chromebook-projects/teststuff/python/opencv/angleArea/media/raw/2ax_polyfit/polyfit_RollPitch_grid_n20_z_FUSED_[-135,30]_[-10,10]_[[-5,5],[-5,5]]_.png
NON-DIR,/home/pi/Chromebook-projects/teststuff/python/opencv/angleArea/media/raw/2ax_polyfit/polyfit_RollPitch_grid_n30_z:FUSED_[-135,30]_[-10,10]_[[-5,5],[-5,5]]_.png,/home/pi/Chromebook-projects/teststuff/python/opencv/angleArea/media/raw/2ax_polyfit/polyfit_RollPitch_grid_n30_z_FUSED_[-135,30]_[-10,10]_[[-5,5],[-5,5]]_.png
NON-DIR,/home/pi/Chromebook-projects/teststuff/python/opencv/angleArea/media/raw/2ax_polyfit/polyfit_RollPitch_grid_n26_z:310_[-135,30]_[-10,10]_[[-5,5],[-5,5]]_.png,/home/pi/Chromebook-projects/teststuff/python/opencv/angleArea/media/raw/2ax_polyfit/polyfit_RollPitch_grid_n26_z_310_[-135,30]_[-10,10]_[[-5,5],[-5,5]]_.png
NON-DIR,/home/pi/Chromebook-projects/teststuff/python/opencv/angleArea/media/raw/2ax_polyfit/polyfit_RollPitch_grid_n26_z:310_[-135,30]_[-15,15]_[[-2,2],[-2,2]]_.png,/home/pi/Chromebook-projects/teststuff/python/opencv/angleArea/media/raw/2ax_polyfit/polyfit_RollPitch_grid_n26_z_310_[-135,30]_[-15,15]_[[-2,2],[-2,2]]_.png
NON-DIR,/home/pi/Chromebook-projects/teststuff/python/opencv/angleArea/media/raw/2ax_polyfit/polyfit_RollPitch_grid_n31_z:200_[-135,30]_[-10,10]_[[-5,5],[-5,5]]_False_.png,/home/pi/Chromebook-projects/teststuff/python/opencv/angleArea/media/raw/2ax_polyfit/polyfit_RollPitch_grid_n31_z_200_[-135,30]_[-10,10]_[[-5,5],[-5,5]]_False_.png
NON-DIR,/home/pi/Chromebook-projects/teststuff/python/opencv/angleArea/media/raw/2ax_polyfit/polyfit_RollPitch_grid_n39_z:110_[-135,30]_[-10,10]_[[-2,2],[-2,2]]_False_.png,/home/pi/Chromebook-projects/teststuff/python/opencv/angleArea/media/raw/2ax_polyfit/polyfit_RollPitch_grid_n39_z_110_[-135,30]_[-10,10]_[[-2,2],[-2,2]]_False_.png
NON-DIR,/home/pi/Chromebook-projects/teststuff/python/opencv/angleArea/media/raw/2ax_polyfit/polyfit_RollPitch_grid_n39_z:200_[-135,30]_[-10,10]_[[-5,5],[-5,5]]_False_.png,/home/pi/Chromebook-projects/teststuff/python/opencv/angleArea/media/raw/2ax_polyfit/polyfit_RollPitch_grid_n39_z_200_[-135,30]_[-10,10]_[[-5,5],[-5,5]]_False_.png
NON-DIR,/home/pi/Chromebook-projects/teststuff/python/opencv/angleArea/media/raw/2ax_polyfit/polyfit_RollPitch_grid_n39_z:230_[-135,30]_[-10,10]_[[-2,2],[-2,2]]_False_.png,/home/pi/Chromebook-projects/teststuff/python/opencv/angleArea/media/raw/2ax_polyfit/polyfit_RollPitch_grid_n39_z_230_[-135,30]_[-10,10]_[[-2,2],[-2,2]]_False_.png
NON-DIR,/home/pi/Chromebook-projects/teststuff/python/opencv/angleArea/media/raw/2ax_polyfit/polyfit_RollPitch_grid_n31_z:270_[-135,30]_[-10,10]_[[-5,5],[-5,5]]_.png,/home/pi/Chromebook-projects/teststuff/python/opencv/angleArea/media/raw/2ax_polyfit/polyfit_RollPitch_grid_n31_z_270_[-135,30]_[-10,10]_[[-5,5],[-5,5]]_.png
NON-DIR,/home/pi/Chromebook-projects/teststuff/python/opencv/angleArea/media/raw/2ax_polyfit/polyfit_RollPitch_grid_n39_z:320_[-135,30]_[-10,10]_[[-2,2],[-2,2]]_False_.png,/home/pi/Chromebook-projects/teststuff/python/opencv/angleArea/media/raw/2ax_polyfit/polyfit_RollPitch_grid_n39_z_320_[-135,30]_[-10,10]_[[-2,2],[-2,2]]_False_.png
NON-DIR,/home/pi/Chromebook-projects/teststuff/python/opencv/angleArea/media/raw/2ax_polyfit/polyfit_RollPitch_grid_n31_z:190_[-135,30]_[-10,10]_[[-5,5],[-5,5]]_.png,/home/pi/Chromebook-projects/teststuff/python/opencv/angleArea/media/raw/2ax_polyfit/polyfit_RollPitch_grid_n31_z_190_[-135,30]_[-10,10]_[[-5,5],[-5,5]]_.png
NON-DIR,/home/pi/Chromebook-projects/teststuff/python/opencv/angleArea/media/raw/2ax_polyfit/polyfit_RollPitch_grid_n31_z:170_[-135,30]_[-10,10]_[[-5,5],[-5,5]]_.png,/home/pi/Chromebook-projects/teststuff/python/opencv/angleArea/media/raw/2ax_polyfit/polyfit_RollPitch_grid_n31_z_170_[-135,30]_[-10,10]_[[-5,5],[-5,5]]_.png
NON-DIR,/home/pi/Chromebook-projects/teststuff/python/opencv/angleArea/media/raw/2ax_polyfit/polyfit_RollPitch_grid_n26_z:320_[-135,30]_[-25,25]_[[-5,5],[-5,5]]_.png,/home/pi/Chromebook-projects/teststuff/python/opencv/angleArea/media/raw/2ax_polyfit/polyfit_RollPitch_grid_n26_z_320_[-135,30]_[-25,25]_[[-5,5],[-5,5]]_.png
NON-DIR,/home/pi/Chromebook-projects/teststuff/python/opencv/angleArea/media/raw/2ax_polyfit/polyfit_RollPitch_grid_n31_z:290_[-135,30]_[-10,10]_[[-5,5],[-5,5]]_.png,/home/pi/Chromebook-projects/teststuff/python/opencv/angleArea/media/raw/2ax_polyfit/polyfit_RollPitch_grid_n31_z_290_[-135,30]_[-10,10]_[[-5,5],[-5,5]]_.png
NON-DIR,/home/pi/Chromebook-projects/teststuff/python/opencv/angleArea/media/raw/2ax_polyfit/polyfit_RollPitch_grid_n23_z:310_[-135,30]_[-10,10]_[[-2,2],[-2,2]]_.png,/home/pi/Chromebook-projects/teststuff/python/opencv/angleArea/media/raw/2ax_polyfit/polyfit_RollPitch_grid_n23_z_310_[-135,30]_[-10,10]_[[-2,2],[-2,2]]_.png
NON-DIR,/home/pi/Chromebook-projects/teststuff/python/opencv/angleArea/media/raw/2ax_polyfit/polyfit_RollPitch_grid_n31_z:250_[-135,30]_[-10,10]_[[-5,5],[-5,5]]_.png,/home/pi/Chromebook-projects/teststuff/python/opencv/angleArea/media/raw/2ax_polyfit/polyfit_RollPitch_grid_n31_z_250_[-135,30]_[-10,10]_[[-5,5],[-5,5]]_.png
NON-DIR,/home/pi/Chromebook-projects/teststuff/python/opencv/angleArea/media/raw/2ax_polyfit/polyfit_RollPitch_grid_n39_z:400_[-135,30]_[-10,10]_[[-2,2],[-2,2]]_False_.png,/home/pi/Chromebook-projects/teststuff/python/opencv/angleArea/media/raw/2ax_polyfit/polyfit_RollPitch_grid_n39_z_400_[-135,30]_[-10,10]_[[-2,2],[-2,2]]_False_.png
NON-DIR,/home/pi/Chromebook-projects/teststuff/python/opencv/angleArea/media/raw/2ax_polyfit/polyfit_RollPitch_grid_n31_z:200_[-135,30]_[-10,10]_[[-5,5],[-5,5]]_True_.png,/home/pi/Chromebook-projects/teststuff/python/opencv/angleArea/media/raw/2ax_polyfit/polyfit_RollPitch_grid_n31_z_200_[-135,30]_[-10,10]_[[-5,5],[-5,5]]_True_.png
NON-DIR,/home/pi/Chromebook-projects/teststuff/python/opencv/angleArea/media/raw/2ax_polyfit/polyfit_RollPitch_grid_n23_z:FUSED_[-135,30]_[-10,10]_[[-2,2],[-2,2]]_.png,/home/pi/Chromebook-projects/teststuff/python/opencv/angleArea/media/raw/2ax_polyfit/polyfit_RollPitch_grid_n23_z_FUSED_[-135,30]_[-10,10]_[[-2,2],[-2,2]]_.png
NON-DIR,/home/pi/Chromebook-projects/teststuff/python/opencv/angleArea/media/raw/2ax_polyfit/polyfit_RollPitch_grid_n26_z:300_[-135,30]_[-50,50]_[[-5,5],[-5,5]]_.png,/home/pi/Chromebook-projects/teststuff/python/opencv/angleArea/media/raw/2ax_polyfit/polyfit_RollPitch_grid_n26_z_300_[-135,30]_[-50,50]_[[-5,5],[-5,5]]_.png
NON-DIR,/home/pi/Chromebook-projects/teststuff/python/opencv/angleArea/media/raw/2ax_polyfit/polyfit_RollPitch_grid_n31_z:210_[-135,30]_[-10,10]_[[-5,5],[-5,5]]_False_.png,/home/pi/Chromebook-projects/teststuff/python/opencv/angleArea/media/raw/2ax_polyfit/polyfit_RollPitch_grid_n31_z_210_[-135,30]_[-10,10]_[[-5,5],[-5,5]]_False_.png
NON-DIR,/home/pi/Chromebook-projects/teststuff/python/opencv/angleArea/media/raw/2ax_polyfit/polyfit_RollPitch_grid_n26_z:100_[-135,30]_[-100,100]_[[-5,5],[-5,5]]_.png,/home/pi/Chromebook-projects/teststuff/python/opencv/angleArea/media/raw/2ax_polyfit/polyfit_RollPitch_grid_n26_z_100_[-135,30]_[-100,100]_[[-5,5],[-5,5]]_.png
NON-DIR,/home/pi/Chromebook-projects/teststuff/python/opencv/angleArea/media/raw/2ax_polyfit/polyfit_RollPitch_grid_n39_z:270_[-135,30]_[-10,10]_[[-2,2],[-2,2]]_False_.png,/home/pi/Chromebook-projects/teststuff/python/opencv/angleArea/media/raw/2ax_polyfit/polyfit_RollPitch_grid_n39_z_270_[-135,30]_[-10,10]_[[-2,2],[-2,2]]_False_.png
NON-DIR,/home/pi/Chromebook-projects/teststuff/python/opencv/angleArea/media/raw/2ax_polyfit/polyfit_RollPitch_grid_n39_z:90_[-135,30]_[-10,10]_[[-5,5],[-5,5]]_True_.png,/home/pi/Chromebook-projects/teststuff/python/opencv/angleArea/media/raw/2ax_polyfit/polyfit_RollPitch_grid_n39_z_90_[-135,30]_[-10,10]_[[-5,5],[-5,5]]_True_.png
NON-DIR,/home/pi/Chromebook-projects/teststuff/python/opencv/angleArea/media/raw/2ax_polyfit/polyfit_RollPitch_grid_n26_z:310_[-135,30]_[-10,10]_[[-10,10],[-10,10]]_.png,/home/pi/Chromebook-projects/teststuff/python/opencv/angleArea/media/raw/2ax_polyfit/polyfit_RollPitch_grid_n26_z_310_[-135,30]_[-10,10]_[[-10,10],[-10,10]]_.png
NON-DIR,/home/pi/Chromebook-projects/teststuff/python/opencv/angleArea/media/raw/2ax_polyfit/polyfit_RollPitch_grid_n32_z:FUSED_[-135,30]_[-10,10]_[[-5,5],[-5,5]]_True_.png,/home/pi/Chromebook-projects/teststuff/python/opencv/angleArea/media/raw/2ax_polyfit/polyfit_RollPitch_grid_n32_z_FUSED_[-135,30]_[-10,10]_[[-5,5],[-5,5]]_True_.png
NON-DIR,/home/pi/Chromebook-projects/teststuff/python/opencv/angleArea/media/raw/2ax_polyfit/polyfit_RollPitch_grid_n27_z:FUSED_[-135,30]_[-10,10]_[[-2,2],[-2,2]]_.png,/home/pi/Chromebook-projects/teststuff/python/opencv/angleArea/media/raw/2ax_polyfit/polyfit_RollPitch_grid_n27_z_FUSED_[-135,30]_[-10,10]_[[-2,2],[-2,2]]_.png
NON-DIR,/home/pi/Chromebook-projects/teststuff/python/opencv/angleArea/media/raw/2ax_polyfit/polyfit_RollPitch_grid_n39_z:190_[-135,30]_[-10,10]_[[-2,2],[-2,2]]_False_.png,/home/pi/Chromebook-projects/teststuff/python/opencv/angleArea/media/raw/2ax_polyfit/polyfit_RollPitch_grid_n39_z_190_[-135,30]_[-10,10]_[[-2,2],[-2,2]]_False_.png
NON-DIR,/home/pi/Chromebook-projects/teststuff/python/opencv/angleArea/media/raw/2ax_polyfit/polyfit_RollPitch_grid_n39_z:250_[-135,30]_[-10,10]_[[-5,5],[-5,5]]_False_.png,/home/pi/Chromebook-projects/teststuff/python/opencv/angleArea/media/raw/2ax_polyfit/polyfit_RollPitch_grid_n39_z_250_[-135,30]_[-10,10]_[[-5,5],[-5,5]]_False_.png
NON-DIR,/home/pi/Chromebook-projects/teststuff/python/opencv/angleArea/media/raw/2ax_polyfit/polyfit_RollPitch_grid_n28_z:FUSED_[-135,30]_[-10,10]_[[-5,5],[-5,5]]_.png,/home/pi/Chromebook-projects/teststuff/python/opencv/angleArea/media/raw/2ax_polyfit/polyfit_RollPitch_grid_n28_z_FUSED_[-135,30]_[-10,10]_[[-5,5],[-5,5]]_.png
NON-DIR,/home/pi/Chromebook-projects/teststuff/python/opencv/angleArea/media/raw/2ax_polyfit/polyfit_RollPitch_grid_n39_z:160_[-135,30]_[-10,10]_[[-2,2],[-2,2]]_False_.png,/home/pi/Chromebook-projects/teststuff/python/opencv/angleArea/media/raw/2ax_polyfit/polyfit_RollPitch_grid_n39_z_160_[-135,30]_[-10,10]_[[-2,2],[-2,2]]_False_.png
NON-DIR,/home/pi/Chromebook-projects/teststuff/python/opencv/angleArea/media/raw/2ax_polyfit/polyfit_RollPitch_grid_n31_z:160_[-135,30]_[-10,10]_[[-5,5],[-5,5]]_.png,/home/pi/Chromebook-projects/teststuff/python/opencv/angleArea/media/raw/2ax_polyfit/polyfit_RollPitch_grid_n31_z_160_[-135,30]_[-10,10]_[[-5,5],[-5,5]]_.png
NON-DIR,/home/pi/Chromebook-projects/teststuff/python/opencv/angleArea/media/raw/2ax_polyfit/polyfit_RollPitch_grid_n26_z:340_[-135,30]_[-50,50]_[[-5,5],[-5,5]]_.png,/home/pi/Chromebook-projects/teststuff/python/opencv/angleArea/media/raw/2ax_polyfit/polyfit_RollPitch_grid_n26_z_340_[-135,30]_[-50,50]_[[-5,5],[-5,5]]_.png
NON-DIR,/home/pi/Chromebook-projects/teststuff/python/opencv/angleArea/media/raw/2ax_polyfit/polyfit_RollPitch_grid_n26_z:200_[-135,30]_[-25,25]_[[-5,5],[-5,5]]_.png,/home/pi/Chromebook-projects/teststuff/python/opencv/angleArea/media/raw/2ax_polyfit/polyfit_RollPitch_grid_n26_z_200_[-135,30]_[-25,25]_[[-5,5],[-5,5]]_.png
NON-DIR,/home/pi/Chromebook-projects/teststuff/python/opencv/angleArea/media/raw/2ax_polyfit/polyfit_RollPitch_grid_n39_z:370_[-135,30]_[-10,10]_[[-2,2],[-2,2]]_False_.png,/home/pi/Chromebook-projects/teststuff/python/opencv/angleArea/media/raw/2ax_polyfit/polyfit_RollPitch_grid_n39_z_370_[-135,30]_[-10,10]_[[-2,2],[-2,2]]_False_.png
NON-DIR,/home/pi/Chromebook-projects/teststuff/python/opencv/angleArea/media/raw/2ax_polyfit/polyfit_RollPitch_grid_n31_z:260_[-135,30]_[-10,10]_[[-5,5],[-5,5]]_.png,/home/pi/Chromebook-projects/teststuff/python/opencv/angleArea/media/raw/2ax_polyfit/polyfit_RollPitch_grid_n31_z_260_[-135,30]_[-10,10]_[[-5,5],[-5,5]]_.png
NON-DIR,/home/pi/Chromebook-projects/teststuff/python/opencv/angleArea/media/raw/2ax_polyfit/polyfit_RollPitch_grid_n39_z:250_[-135,30]_[-10,10]_[[-5,5],[-5,5]]_True_.png,/home/pi/Chromebook-projects/teststuff/python/opencv/angleArea/media/raw/2ax_polyfit/polyfit_RollPitch_grid_n39_z_250_[-135,30]_[-10,10]_[[-5,5],[-5,5]]_True_.png
NON-DIR,/home/pi/Chromebook-projects/teststuff/python/opencv/angleArea/media/raw/2ax_polyfit/polyfit_RollPitch_grid_n26_z:310_[-135,30]_[-10,10]_[[-5,5],[-5,5]]_True_.png,/home/pi/Chromebook-projects/teststuff/python/opencv/angleArea/media/raw/2ax_polyfit/polyfit_RollPitch_grid_n26_z_310_[-135,30]_[-10,10]_[[-5,5],[-5,5]]_True_.png
NON-DIR,/home/pi/Chromebook-projects/teststuff/python/opencv/angleArea/media/raw/2ax_polyfit/polyfit_RollPitch_grid_n27_z:FUSED_[-135,30]_[-10,10]_[[-5,5],[-5,5]]_False_.png,/home/pi/Chromebook-projects/teststuff/python/opencv/angleArea/media/raw/2ax_polyfit/polyfit_RollPitch_grid_n27_z_FUSED_[-135,30]_[-10,10]_[[-5,5],[-5,5]]_False_.png
NON-DIR,/home/pi/Chromebook-projects/teststuff/python/opencv/angleArea/media/raw/2ax_polyfit/polyfit_RollPitch_grid_n31_z:310_[-135,30]_[-2,2]_[[-5,5],[-5,5]]_.png,/home/pi/Chromebook-projects/teststuff/python/opencv/angleArea/media/raw/2ax_polyfit/polyfit_RollPitch_grid_n31_z_310_[-135,30]_[-2,2]_[[-5,5],[-5,5]]_.png
NON-DIR,/home/pi/Chromebook-projects/teststuff/python/opencv/angleArea/media/raw/2ax_polyfit/polyfit_RollPitch_grid_n39_z:390_[-135,30]_[-10,10]_[[-2,2],[-2,2]]_False_.png,/home/pi/Chromebook-projects/teststuff/python/opencv/angleArea/media/raw/2ax_polyfit/polyfit_RollPitch_grid_n39_z_390_[-135,30]_[-10,10]_[[-2,2],[-2,2]]_False_.png
NON-DIR,/home/pi/Chromebook-projects/teststuff/python/opencv/angleArea/media/raw/2ax_polyfit/polyfit_RollPitch_grid_n27_z:FUSED_[-135,30]_[-10,10]_[[-5,5],[-5,5]]_True_.png,/home/pi/Chromebook-projects/teststuff/python/opencv/angleArea/media/raw/2ax_polyfit/polyfit_RollPitch_grid_n27_z_FUSED_[-135,30]_[-10,10]_[[-5,5],[-5,5]]_True_.png
NON-DIR,/home/pi/Chromebook-projects/teststuff/python/opencv/angleArea/media/raw/2ax_polyfit/polyfit_RollPitch_grid_n31_z:210_[-135,30]_[-10,10]_[[-5,5],[-5,5]]_True_.png,/home/pi/Chromebook-projects/teststuff/python/opencv/angleArea/media/raw/2ax_polyfit/polyfit_RollPitch_grid_n31_z_210_[-135,30]_[-10,10]_[[-5,5],[-5,5]]_True_.png
NON-DIR,/home/pi/Chromebook-projects/science/math/analytic_geometry/media_two_cam_coordinate/v_o[90:90]_l_dy0.gif,/home/pi/Chromebook-projects/science/math/analytic_geometry/media_two_cam_coordinate/v_o[90_90]_l_dy0.gif
NON-DIR,/home/pi/Chromebook-projects/projects/proj_Hexclaw/hexclaw_files/measureDelays_files/media/HM0_delays_2023-01-26;22:17:40.882297.png,/home/pi/Chromebook-projects/projects/proj_Hexclaw/hexclaw_files/measureDelays_files/media/HM0_delays_2023-01-26;22_17_40.882297.png
NON-DIR,/home/pi/Chromebook-projects/projects/proj_Hexclaw/hexclaw_files/measureDelays_files/media/HM0_delays_2023-01-24;23:58:11.600497.png,/home/pi/Chromebook-projects/projects/proj_Hexclaw/hexclaw_files/measureDelays_files/media/HM0_delays_2023-01-24;23_58_11.600497.png
NON-DIR,/home/pi/Chromebook-projects/projects/proj_Hexclaw/hexclaw_files/measureDelays_files/media/HM0_delays_2023-01-26;19:10:20.517174.png,/home/pi/Chromebook-projects/projects/proj_Hexclaw/hexclaw_files/measureDelays_files/media/HM0_delays_2023-01-26;19_10_20.517174.png
NON-DIR,/home/pi/Chromebook-projects/projects/proj_Hexclaw/hexclaw_files/measureDelays_files/media/HM0_delays_2023-01-26;22:11:42.905883.png,/home/pi/Chromebook-projects/projects/proj_Hexclaw/hexclaw_files/measureDelays_files/media/HM0_delays_2023-01-26;22_11_42.905883.png
NON-DIR,/home/pi/Chromebook-projects/projects/proj_Hexclaw/hexclaw_files/measureDelays_files/media/HM0_delays_2023-01-24;20:44:52.245692_startUp.png,/home/pi/Chromebook-projects/projects/proj_Hexclaw/hexclaw_files/measureDelays_files/media/HM0_delays_2023-01-24;20_44_52.245692_startUp.png
NON-DIR,/home/pi/Chromebook-projects/projects/proj_Hexclaw/hexclaw_files/measureDelays_files/media/HM0_delays_2023-01-26;23:46:57.148974.png,/home/pi/Chromebook-projects/projects/proj_Hexclaw/hexclaw_files/measureDelays_files/media/HM0_delays_2023-01-26;23_46_57.148974.png
NON-DIR,/home/pi/Chromebook-projects/projects/proj_Hexclaw/hexclaw_files/measureDelays_files/media/HM0_delays_2023-01-24;23:57:25.098366.png,/home/pi/Chromebook-projects/projects/proj_Hexclaw/hexclaw_files/measureDelays_files/media/HM0_delays_2023-01-24;23_57_25.098366.png
NON-DIR,/home/pi/Chromebook-projects/projects/proj_Hexclaw/hexclaw_files/measureDelays_files/media/HM0_delays_2023-01-26;22:13:52.704191.png,/home/pi/Chromebook-projects/projects/proj_Hexclaw/hexclaw_files/measureDelays_files/media/HM0_delays_2023-01-26;22_13_52.704191.png
NON-DIR,/home/pi/Chromebook-projects/projects/proj_Hexclaw/hexclaw_files/measureDelays_files/media/HM0_delays_2023-01-24;20:43:04.396965_startDown.png,/home/pi/Chromebook-projects/projects/proj_Hexclaw/hexclaw_files/measureDelays_files/media/HM0_delays_2023-01-24;20_43_04.396965_startDown.png
NON-DIR,/home/pi/Chromebook-projects/projects/proj_Hexclaw/hexclaw_files/measureDelays_files/media/HM0_delays_2023-01-26;22:12:49.773466.png,/home/pi/Chromebook-projects/projects/proj_Hexclaw/hexclaw_files/measureDelays_files/media/HM0_delays_2023-01-26;22_12_49.773466.png
NON-DIR,/home/pi/Chromebook-projects/projects/proj_Hexclaw/hexclaw_files/measureDelays_files/media/HM0_delays_2023-01-26;22:17:00.048132.png,/home/pi/Chromebook-projects/projects/proj_Hexclaw/hexclaw_files/measureDelays_files/media/HM0_delays_2023-01-26;22_17_00.048132.png
NON-DIR,/home/pi/Chromebook-projects/projects/proj_Hexclaw/hexclaw_files/measureDelays_files/media/HM0_delays_2023-01-26;23:43:23.258296.png,/home/pi/Chromebook-projects/projects/proj_Hexclaw/hexclaw_files/measureDelays_files/media/HM0_delays_2023-01-26;23_43_23.258296.png
NON-DIR,/home/pi/Chromebook-projects/projects/proj_Hexclaw/hexclaw_files/measureDelays_files/media/HM0_delays_2023-01-24;23:58:37.445613.png,/home/pi/Chromebook-projects/projects/proj_Hexclaw/hexclaw_files/measureDelays_files/media/HM0_delays_2023-01-24;23_58_37.445613.png
NON-DIR,/home/pi/Chromebook-projects/projects/proj_Hexclaw/hexclaw_files/measureDelays_files/media/HM0_delays_2023-01-26;23:41:38.610684.png,/home/pi/Chromebook-projects/projects/proj_Hexclaw/hexclaw_files/measureDelays_files/media/HM0_delays_2023-01-26;23_41_38.610684.png
NON-DIR,/home/pi/Chromebook-projects/projects/proj_Hexclaw/hexclaw_files/measureDelays_files/media/HM0_delays_2023-01-24;23:58:25.104658.png,/home/pi/Chromebook-projects/projects/proj_Hexclaw/hexclaw_files/measureDelays_files/media/HM0_delays_2023-01-24;23_58_25.104658.png
NON-DIR,/home/pi/Chromebook-projects/projects/proj_Hexclaw/hexclaw_files/measureDelays_files/media/HM0_delays_2023-01-26;21:44:07.997858.png,/home/pi/Chromebook-projects/projects/proj_Hexclaw/hexclaw_files/measureDelays_files/media/HM0_delays_2023-01-26;21_44_07.997858.png
NON-DIR,/home/pi/Chromebook-projects/projects/proj_Hexclaw/hexclaw_files/measureDelays_files/media/HM0_delays_2023-01-26;19:16:19.494546.png,/home/pi/Chromebook-projects/projects/proj_Hexclaw/hexclaw_files/measureDelays_files/media/HM0_delays_2023-01-26;19_16_19.494546.png
NON-DIR,/home/pi/Chromebook-projects/projects/proj_Hexclaw/hexclaw_files/measureDelays_files/media/HM0_delays_2023-01-26;22:13:11.383553.png,/home/pi/Chromebook-projects/projects/proj_Hexclaw/hexclaw_files/measureDelays_files/media/HM0_delays_2023-01-26;22_13_11.383553.png
NON-DIR,/home/pi/Chromebook-projects/projects/proj_Hexclaw/hexclaw_files/measureDelays_files/media/HM0_delays_2023-01-26;22:11:24.504203.png,/home/pi/Chromebook-projects/projects/proj_Hexclaw/hexclaw_files/measureDelays_files/media/HM0_delays_2023-01-26;22_11_24.504203.png
NON-DIR,/home/pi/Chromebook-projects/projects/proj_Hexclaw/hexclaw_files/measureDelays_files/media/HM0_delays_2023-01-26;19:13:10.356448.png,/home/pi/Chromebook-projects/projects/proj_Hexclaw/hexclaw_files/measureDelays_files/media/HM0_delays_2023-01-26;19_13_10.356448.png
NON-DIR,/home/pi/Chromebook-projects/projects/proj_Hexclaw/hexclaw_files/measureDelays_files/media/HM0_delays_2023-01-26;22:10:08.314611.png,/home/pi/Chromebook-projects/projects/proj_Hexclaw/hexclaw_files/measureDelays_files/media/HM0_delays_2023-01-26;22_10_08.314611.png
NON-DIR,/home/pi/Chromebook-projects/projects/proj_Hexclaw/hexclaw_files/measureDelays_files/media/HM0_delays_2023-01-26;22:11:00.747141.png,/home/pi/Chromebook-projects/projects/proj_Hexclaw/hexclaw_files/measureDelays_files/media/HM0_delays_2023-01-26;22_11_00.747141.png
NON-DIR,/home/pi/Chromebook-projects/projects/proj_Hexclaw/hexclaw_files/measureDelays_files/media/HM0_delays_2023-01-26;19:36:16.579253.png,/home/pi/Chromebook-projects/projects/proj_Hexclaw/hexclaw_files/measureDelays_files/media/HM0_delays_2023-01-26;19_36_16.579253.png
NON-DIR,/home/pi/Chromebook-projects/projects/proj_Hexclaw/hexclaw_files/measureDelays_files/media/HM0_delays_2023-01-24;00:01:29.606986.png,/home/pi/Chromebook-projects/projects/proj_Hexclaw/hexclaw_files/measureDelays_files/media/HM0_delays_2023-01-24;00_01_29.606986.png
NON-DIR,/home/pi/Chromebook-projects/projects/proj_Hexclaw/hexclaw_files/measureDelays_files/media/HM0_delays_2023-01-26;21:45:22.697917.png,/home/pi/Chromebook-projects/projects/proj_Hexclaw/hexclaw_files/measureDelays_files/media/HM0_delays_2023-01-26;21_45_22.697917.png
NON-DIR,/home/pi/Chromebook-projects/projects/proj_Hexclaw/hexclaw_files/measureDelays_files/media/HM0_delays_2023-01-24;23:58:50.560688.png,/home/pi/Chromebook-projects/projects/proj_Hexclaw/hexclaw_files/measureDelays_files/media/HM0_delays_2023-01-24;23_58_50.560688.png
NON-DIR,/home/pi/Chromebook-projects/projects/proj_Hexclaw/hexclaw_files/measureDelays_files/media/HM0_delays_2023-01-24;00:00:26.671714.png,/home/pi/Chromebook-projects/projects/proj_Hexclaw/hexclaw_files/measureDelays_files/media/HM0_delays_2023-01-24;00_00_26.671714.png
NON-DIR,/home/pi/Chromebook-projects/projects/proj_Hexclaw/hexclaw_files/measureDelays_files/media/HM0_delays_2023-01-26;22:17:21.719335.png,/home/pi/Chromebook-projects/projects/proj_Hexclaw/hexclaw_files/measureDelays_files/media/HM0_delays_2023-01-26;22_17_21.719335.png
NON-DIR,/home/pi/Chromebook-projects/projects/proj_Hexclaw/hexclaw_files/measureDelays_files/media/HM0_delays_2023-01-26;22:18:05.506202.png,/home/pi/Chromebook-projects/projects/proj_Hexclaw/hexclaw_files/measureDelays_files/media/HM0_delays_2023-01-26;22_18_05.506202.png
NON-DIR,/home/pi/Chromebook-projects/projects/proj_Hexclaw/hexclaw_files/measureDelays_files/media/HM0_delays_2023-01-23;23:58:56.953638.png,/home/pi/Chromebook-projects/projects/proj_Hexclaw/hexclaw_files/measureDelays_files/media/HM0_delays_2023-01-23;23_58_56.953638.png
NON-DIR,/home/pi/Chromebook-projects/projects/proj_Hexclaw/hexclaw_files/measureDelays_files/media/HM0_delays_2023-01-26;23:43:47.855411.png,/home/pi/Chromebook-projects/projects/proj_Hexclaw/hexclaw_files/measureDelays_files/media/HM0_delays_2023-01-26;23_43_47.855411.png
NON-DIR,/home/pi/Chromebook-projects/projects/proj_Hexclaw/hexclaw_files/measureDelays_files/media/HM0_delays_2023-01-26;19:14:21.285848.png,/home/pi/Chromebook-projects/projects/proj_Hexclaw/hexclaw_files/measureDelays_files/media/HM0_delays_2023-01-26;19_14_21.285848.png
NON-DIR,/home/pi/Chromebook-projects/projects/proj_Hexclaw/hexclaw_files/measureDelays_files/media/HM0_delays_2023-01-26;19:11:29.448352.png,/home/pi/Chromebook-projects/projects/proj_Hexclaw/hexclaw_files/measureDelays_files/media/HM0_delays_2023-01-26;19_11_29.448352.png
NON-DIR,/home/pi/Chromebook-projects/projects/proj_Hexclaw/hexclaw_files/measureDelays_files/media/HM0_delays_2023-01-24;00:01:52.335092.png,/home/pi/Chromebook-projects/projects/proj_Hexclaw/hexclaw_files/measureDelays_files/media/HM0_delays_2023-01-24;00_01_52.335092.png
NON-DIR,/home/pi/Chromebook-projects/projects/proj_Hexclaw/hexclaw_files/measureDelays_files/media/HM0_delays_2023-01-24;00:00:57.969148.png,/home/pi/Chromebook-projects/projects/proj_Hexclaw/hexclaw_files/measureDelays_files/media/HM0_delays_2023-01-24;00_00_57.969148.png
NON-DIR,/home/pi/Chromebook-projects/projects/proj_Hexclaw/hexclaw_files/measureDelays_files/media/HM0_delays_2023-01-26;22:14:11.763183.png,/home/pi/Chromebook-projects/projects/proj_Hexclaw/hexclaw_files/measureDelays_files/media/HM0_delays_2023-01-26;22_14_11.763183.png
NON-DIR,/home/pi/Chromebook-projects/projects/proj_Hexclaw/hexclaw_files/measureDelays_files/media/HM0_delays_2023-01-26;23:47:09.208814.png,/home/pi/Chromebook-projects/projects/proj_Hexclaw/hexclaw_files/measureDelays_files/media/HM0_delays_2023-01-26;23_47_09.208814.png
NON-DIR,/home/pi/Chromebook-projects/projects/proj_Hexclaw/hexclaw_files/measureDelays_files/media/HM0_delays_2023-01-23;23:59:44.943377.png,/home/pi/Chromebook-projects/projects/proj_Hexclaw/hexclaw_files/measureDelays_files/media/HM0_delays_2023-01-23;23_59_44.943377.png
